File number,Meeting ID,Microphone,Speaker ID,Start,End,Cough,Volume,Type,Background,B. Type,B. Volume,Close call,Comments
1,EN2001a,Headset mix,A,3099.54,3099.97,0,loud,click,0,,0,,
2,EN2001a,Headset mix,A,3134.138,3134.607,1,medium,chesty,1,speech,loud,,
3,EN2001a,Headset mix,A,3134.692,3135.171,1,medium,chesty,1,speech,loud,,
4,EN2001a,Headset mix,C,719.308,719.884,0,quiet,throat clear,1,speech,loud,,
5,EN2001a,Headset mix,C,804.267,805.176,0,quiet,breath noise,1,speech,loud,,
6,EN2001a,Headset mix,C,933.694,934.365,0,quiet,breath noise,1,speech,loud,,
7,EN2001a,Headset mix,C,973.548,974.519,0,medium,humming,1,speech,loud,,
8,EN2001a,Headset mix,C,1558.173,1558.399,0,,none,0,speech,medium,,
9,EN2001a,Headset mix,C,1558.399,1558.719,,,,,,,,
10,EN2001a,Headset mix,C,1605.186,1605.811,,,,,,,,
11,EN2001a,Headset mix,C,1708.224,1708.881,0,quiet,throat clear,0,,,,
12,EN2001a,Headset mix,C,1731.749,1732.82,0,quiet,throat clear,1,speech,medium,,
13,EN2001a,Headset mix,C,2106.144,2106.385,0,quiet,throat clear,1,speech,medium,,
14,EN2001a,Headset mix,C,2106.41,2107.512,0,quiet,exhale,1,speech,medium,,
15,EN2001a,Headset mix,C,2237.078,2237.252,0,medium,throat clear,0,,,,
16,EN2001a,Headset mix,C,2237.266,2237.606,0,loud,throat clear,0,,,,
17,EN2001a,Headset mix,C,2621.956,2622.777,0,medium,throat clear,0,,,,
18,EN2001a,Headset mix,C,2628.6,2628.934,0,loud,throat clear,0,,,,
19,EN2001a,Headset mix,C,2628.934,2629.26,0,loud,throat clear,0,,,,
20,EN2001a,Headset mix,C,2702.781,2702.962,,,,,,,,longer
21,EN2001a,Headset mix,C,2702.983,2703.344,0,loud,throat clear,0,,,,
22,EN2001a,Headset mix,C,2749.321,2749.911,0,loud,throat clear,0,,,,
23,EN2001a,Headset mix,C,2865.089,2866.262,0,loud,throat clear,1,speech,,,
24,EN2001a,Headset mix,C,2925.02,2925.662,0,loud,throat clear,0,,,,
25,EN2001a,Headset mix,C,2951.788,2952.343,0,loud,throat clear,0,,,,
26,EN2001a,Headset mix,C,2978.138,2978.291,,,,,,,,longer
27,EN2001a,Headset mix,C,2978.298,2978.847,0,loud,throat clear,0,,,,close call
28,EN2001a,Headset mix,C,3493.965,3494.139,0,loud,throat clear,,,,,
29,EN2001a,Headset mix,C,3494.125,3494.389,0,loud,throat clear,0,,,,
30,EN2001a,Headset mix,C,3741.198,3741.592,0,quiet,exhale,1,speech,,,weird hu-hmmm
31,EN2001a,Headset mix,C,3741.714,3742.681,0,quiet,throat clear,1,speech,,,
32,EN2001a,Headset mix,C,4109.237,4109.886,0,quiet,throat clear,1,speech,,,
33,EN2001a,Headset mix,C,4196.638,4196.832,0,quiet,throat clear,1,speech,,,
34,EN2001a,Headset mix,C,4197.203,4198.769,0,quiet,exhale,1,speech,,,close to previous
35,EN2001a,Headset mix,C,4269.885,4270.055,0,medium,throat clear,1,speech,,,
36,EN2001a,Headset mix,C,4270.076,4270.201,0,medium,throat clear,1,speech,,,
37,EN2001a,Headset mix,C,4270.214,4270.692,0,medium,throat clear,1,speech,,,"last theee, volley"
38,EN2001a,Headset mix,C,4418.169,4418.731,1,medium,volley,1,laugh,,,
39,EN2001a,Headset mix,C,4418.814,4419.133,1,medium,volley,1,laugh,,,
40,EN2001a,Headset mix,C,4420.833,4421.139,1,loud,throaty,1,speech,,,
41,EN2001a,Headset mix,C,4418.793,4419.157,1,medium,volley,1,laugh,,,
42,EN2001a,Headset mix,C,4420.86,4421.234,1,loud,volley,1,speech,,,
43,EN2001a,Headset mix,C,4421.281,4421.549,1,loud,volley,1,speech,,,"Should these 2 be a single ""cough"""
44,EN2001a,Headset mix,C,4435.351,4436.32,0,quiet,throat clear,1,speech,loud,,
45,EN2001a,Headset mix,C,4751.712,4752.469,0,quiet,throat clear,1,speech,loud,,
46,EN2001a,Headset mix,C,5055.634,5055.918,0,quiet,throat clear,1,speech,loud,,
47,EN2001a,Headset mix,C,5056.029,5057,0,quiet,throat clear,1,speech,medium,,
48,EN2001a,Headset mix,D,20.824,21.465,0,quiet,throat clear,1,speech,loud,,
49,EN2001a,Headset mix,D,316.735,317.283,0,medium,throat clear,1,speech,loud,,
50,EN2001a,Headset mix,D,317.776,318.165,0,medium,exhale,1,speech,loud,,
51,EN2001a,Headset mix,D,638.33,638.67,0,quiet,exhale,1,speech,loud,,
52,EN2001a,Headset mix,D,1424.594,1425.177,1,loud,dry,1,speech,medium,,
53,EN2001a,Headset mix,D,2085.329,2085.864,1,loud,dry,0,,,,
54,EN2001a,Headset mix,D,2455.686,2456.22,1,loud,dry,0,,,1,
55,EN2001a,Headset mix,E,5066.54,5067.004,1,medium,wheeze,0,,,,
56,EN2001a,Headset mix,E,5071.777,5072.395,1,medium,dry,1,speech,medium,1,
57,EN2001b,Headset mix,B,2979.158,2979.614,0,medium,throat clear,1,speech,medium,,
58,EN2001d,Headset mix,A,148.391,148.699,1,medium,muffled,1,speech,medium,,
59,EN2001d,Headset mix,A,148.73,149.048,1,medium,muffled,1,speech,medium,,Volley with previous
60,EN2001d,Headset mix,B,899.628,899.931,0,quiet,nose exhale,1,speech,medium,,
61,EN2001d,Headset mix,B,1253.868,1254.651,1,medium,dry,1,laugh,loud,,
62,EN2001d,Headset mix,B,2358.769,2359.417,1,medium,dry,0,,,,
63,EN2001d,Headset mix,B,3182.946,3183.453,1,medium,dry,1,speech,medium,,
64,EN2001d,Headset mix,C,241.744,242.698,0,quiet,throat clear,1,speech,loud,,
65,EN2001d,Headset mix,C,445.329,445.607,0,quiet,throat clear,1,speech,loud,,
66,EN2001d,Headset mix,C,445.668,445.792,0,quiet,throat clear,1,speech,loud,,Close to last sound
67,EN2001d,Headset mix,C,445.819,446.013,0,quiet,throat clear,1,speech,loud,,Close to last sound
68,EN2001d,Headset mix,C,2649.89,2650.063,0,quiet,throat clear,1,speech,loud,,
69,EN2001d,Headset mix,C,2650.086,2650.217,0,quiet,throat clear,1,speech,loud,,close to last sound
70,EN2001d,Headset mix,C,2650.255,2650.598,0,quiet,throat clear,1,speech,loud,,close to last sound
71,EN2001d,Headset mix,D,65.925,66.246,0,quiet,throat clear,1,speech,loud,,
72,EN2001d,Headset mix,D,66.62,67.194,0,quiet,unsure,1,speech,loud,,Hard to tell
73,EN2001d,Headset mix,D,66.659,67.326,0,quiet,unsure,1,speech,loud,,close to last sound
74,EN2001e,Headset mix,B,2222.884,2223.252,1,quiet,dry,1,speech,medium,1,
75,EN2001e,Headset mix,C,3885.634,3886.827,0,quiet,throat clear,1,speech,medium,,
76,EN2001e,Headset mix,D,82.907,83.514,0,quiet,phlegm,0,,,,
77,EN2001e,Headset mix,D,149.422,150.364,0,medium,throat clear,1,speech,medium,,
78,EN2001e,Headset mix,D,208.513,209.008,0,loud,throat clear,1,speech,quiet,,
79,EN2001e,Headset mix,D,209.256,209.772,0,loud,throat clear,0,,,,
80,EN2001e,Headset mix,D,338.267,339.071,0,medium,phlegm,1,speech,medium,,
81,EN2001e,Headset mix,D,413.987,414.581,0,loud,throat clear,1,speech,medium,,
82,EN2001e,Headset mix,D,489.929,490.583,0,loud,phlegm,1,speech,quiet,,
83,EN2001e,Headset mix,D,490.774,491.245,0,loud,throat clear,1,speech,medium,,
84,EN2001e,Headset mix,D,626.675,627.237,0,quiet,throat clear,1,speech,medium,,
85,EN2001e,Headset mix,D,647.474,647.954,0,quiet,throat clear,1,speech,loud,,
86,EN2001e,Headset mix,D,657.387,658.542,0,quiet,unsure,1,speech,loud,,
87,EN2001e,Headset mix,D,685.457,686.009,0,medium,throat clear,1,speech,loud,,
88,EN2001e,Headset mix,D,686.155,686.791,0,loud,throat clear,1,speech,medium,1,
89,EN2001e,Headset mix,D,738.984,739.715,0,medium,throat clear,0,,,,
90,EN2001e,Headset mix,D,795.642,796.051,0,quiet,throat clear,1,speech,medium,,
91,EN2001e,Headset mix,D,860.332,861.034,1,loud,dry,1,speech,medium,,
92,EN2001e,Headset mix,D,861.197,861.787,1,loud,dry,1,speech,medium,1,
93,EN2001e,Headset mix,D,941.44,942.236,0,medium,throat clear,0,,,,
94,EN2001e,Headset mix,D,973.603,974.208,0,medium,throat clear,1,speech,medium,,
95,EN2001e,Headset mix,D,1050.021,1050.743,0,loud,throat clear,0,,,,
96,EN2001e,Headset mix,D,1155.119,1155.613,0,medium,throat clear,1,speech,medium,,
97,EN2001e,Headset mix,D,1619.634,1620.057,0,quiet,throat clear,1,speech,loud,,
98,EN2001e,Headset mix,D,1737.321,1737.939,0,quiet,unsure,1,speech,medium,,
99,EN2001e,Headset mix,D,2146.893,2147.456,0,quiet,throat clear,1,speech,medium,,
100,EN2001e,Headset mix,D,2172.673,2173.346,0,loud,throat clear,1,speech,medium,1,
101,EN2001e,Headset mix,D,2173.762,2174.247,0,quiet,throat clear,1,speech,loud,,
102,EN2001e,Headset mix,D,3056.838,3057.652,0,medium,throat clear,1,speech,medium,,
103,EN2001e,Headset mix,D,3349.927,3350.414,0,quiet,unsure,1,speech,medium,,
104,EN2001e,Headset mix,E,195.899,196.65,1,loud,chesty,1,speech,medium,,
105,EN2002a,Headset mix,B,1012.849,1013.425,1,medium,,1,speech,medium,,
106,EN2002a,Headset mix,C,454.278,454.778,0,quiet,throat clear,1,speech,medium,,
107,EN2002a,Headset mix,C,1446.142,1446.502,0,medium,throat clear,1,mumbling,medium,,
108,EN2002a,Headset mix,C,1446.553,1447.083,0,medium,throat clear,1,mumbling,medium,,close to last sound
109,EN2002b,Headset mix,C,213.343,213.569,0,quiet,throat clear,1,laugh,loud,,
110,EN2002b,Headset mix,C,213.6,214.097,0,quiet,throat clear,1,laugh,loud,,close to last sound
111,EN2002b,Headset mix,C,397.675,397.924,0,medium,throat clear,0,,,,
112,EN2002b,Headset mix,C,397.964,398.479,0,medium,throat clear,0,,,,close to last sound
113,EN2002b,Headset mix,C,450.646,450.829,0,quiet,throat clear,1,laugh,loud,,
114,EN2002b,Headset mix,C,450.883,451.314,0,quiet,throat clear,1,laugh,loud,,close to last sound
115,EN2002b,Headset mix,C,523.825,524.542,0,medium,throat clear,0,,,,
116,EN2002b,Headset mix,C,802.5,802.967,0,medium,throat clear,1,speech,medium,,
117,EN2002b,Headset mix,C,1166.16,1167.056,0,medium,throat clear,0,,,,
118,EN2002b,Headset mix,C,1557.696,1558.56,0,medium,throat clear,1,speech,medium,,
119,EN2002c,Headset mix,A,49.92,50.819,0,medium,throat clear,1,paper rustling,medium,,
120,EN2002c,Headset mix,A,92.553,93.393,0,quiet,unsure,1,speech,medium,,
121,EN2002c,Headset mix,A,123.138,123.86,0,quiet,unsure,1,speech,medium,,
122,EN2002c,Headset mix,A,138.708,139.083,0,quiet,unsure,1,speech,medium,,
123,EN2002c,Headset mix,A,387.245,387.927,0,quiet,unsure,1,speech,loud,,
124,EN2002c,Headset mix,A,473.771,474.069,0,quiet,throat clear,1,speech,loud,,
125,EN2002c,Headset mix,C,399.568,400.376,0,medium,throat clear,1,speech,loud,,
126,EN2002c,Headset mix,C,419.171,419.952,0,medium,throat clear,1,speech,loud,,
127,EN2002c,Headset mix,C,604.699,604.923,0,quiet,throat clear,1,speech,loud,,
128,EN2002c,Headset mix,C,648.64,649.445,0,medium,throat clear,1,speech,loud,,
129,EN2002c,Headset mix,C,932.176,932.906,0,medium,throat clear,1,speech,medium,,
130,EN2002c,Headset mix,C,1440.39,1440.546,0,medium,throat clear,1,speech,medium,,
131,EN2002c,Headset mix,C,1798.46,1798.703,0,medium,throat clear,1,speech,loud,,
132,EN2002c,Headset mix,C,1859.13,1859.685,0,medium,throat clear,0,,,,
133,EN2002d,Headset mix,A,455.952,456.608,1,loud,dry,1,uuummm,medium,,
134,EN2002d,Headset mix,B,122.86,123.106,0,medium,throat clear,1,speech,medium,,
135,EN2002d,Headset mix,B,123.152,123.542,0,medium,throat clear,1,speech,medium,,close to last sound
136,EN2002d,Headset mix,B,200.727,200.957,0,medium,throat clear,1,speech,medium,,
137,EN2002d,Headset mix,B,201.109,201.477,0,quiet,throat clear,1,speech,medium,,close to last sound
138,EN2002d,Headset mix,B,280.603,280.86,0,medium,throat clear,1,uuummm,medium,,
139,EN2002d,Headset mix,B,281.008,281.394,0,medium,throat clear,1,uuummm,medium,,close to last sound
140,EN2002d,Headset mix,B,392.623,392.925,0,medium,throat clear,1,speech,quiet,,
141,EN2002d,Headset mix,B,392.984,393.647,0,medium,throat clear,1,speech,medium,,close to last sound
142,EN2002d,Headset mix,B,413.775,414.113,0,medium,throat clear,1,speech,medium,,
143,EN2002d,Headset mix,B,414.154,414.649,0,medium,throat clear,1,speech,medium,,close to last sound
144,EN2002d,Headset mix,B,769.137,769.609,0,medium,throat clear,0,,,,
145,EN2002d,Headset mix,B,816.984,817.331,0,quiet,throat clear,1,speech,medium,,
146,EN2002d,Headset mix,B,853.835,854.155,0,medium,throat clear,1,speech,medium,,
147,EN2002d,Headset mix,B,854.356,854.863,0,medium,throat clear,1,speech,medium,,close to last sound
148,EN2002d,Headset mix,B,864.501,864.793,0,medium,throat clear,0,,,,
149,EN2002d,Headset mix,B,864.897,865.397,0,medium,throat clear,0,,,,
150,EN2002d,Headset mix,B,1004.262,1004.7,0,medium,throat clear,1,speech,quiet,,
151,EN2002d,Headset mix,B,1004.965,1005.631,0,quiet,sigh,1,speech,medium,,
152,EN2002d,Headset mix,B,1056.63,1056.849,0,medium,throat clear,1,speech,medium,,
153,EN2002d,Headset mix,B,1105.474,1105.693,0,medium,throat clear,0,,,,
154,EN2002d,Headset mix,B,1105.846,1106.043,0,medium,throat clear,0,,,,close to last sound
155,EN2002d,Headset mix,B,1114.27,1114.45,0,medium,throat clear,1,speech,loud,,
156,EN2002d,Headset mix,B,1218.681,1219.092,0,medium,throat clear,0,,,,
157,EN2002d,Headset mix,B,1219.212,1219.692,0,medium,throat clear,0,,,,close to last sound
158,EN2002d,Headset mix,B,1432.076,1432.382,0,quiet,throat clear,0,,,,
159,EN2002d,Headset mix,B,1432.414,1432.904,0,quiet,throat clear,0,,,,close to last sound
160,EN2002d,Headset mix,B,1521.57,1521.909,0,medium,throat clear,0,,,,
161,EN2002d,Headset mix,B,1581.682,1582.001,0,medium,throat clear,0,,,,
162,EN2002d,Headset mix,B,1582.064,1582.432,0,medium,throat clear,0,,,,close to last sound
163,EN2002d,Headset mix,D,1998.8,1999.217,0,quiet,throat clear,1,speech,medium,,
164,EN2003a,Headset mix,C,262.292,263.2,0,medium,throat clear,0,,,,
165,EN2003a,Headset mix,C,686.197,686.71,0,medium,throat clear,0,,,,
166,EN2003a,Headset mix,C,1251.2,1251.632,0,medium,throat clear,0,,,,
167,EN2003a,Headset mix,C,1428.662,1429.065,0,medium,throat clear,0,,,,
168,EN2003a,Headset mix,C,1632.857,1633.728,0,medium,throat clear,0,,,,
169,EN2003a,Headset mix,C,1635.856,1636.366,1,loud,dry,1,speech,quiet,,
170,EN2003a,Headset mix,C,2191.09,2191.553,0,quiet,throat clear,1,speech,quiet,,
171,EN2004a,Headset mix,A,145.32,145.632,1,medium,dry,1,speech,quiet,,
172,EN2004a,Headset mix,A,145.231,145.995,1,medium,dry,1,speech,quiet,,volley
173,EN2004a,Headset mix,B,55.491,55.677,0,medium,throat clear,0,,,1,
174,EN2004a,Headset mix,B,55.771,56.017,0,medium,throat clear,0,,,1,
175,EN2004a,Headset mix,B,181.299,181.486,0,loud,throat clear,0,,,,
176,EN2004a,Headset mix,B,181.528,181.82,0,loud,throat clear,0,,,,close to last sound
177,EN2004a,Headset mix,B,490.057,490.334,0,loud,throat clear,0,,,,
178,EN2004a,Headset mix,B,490.456,490.858,0,loud,throat clear,0,,,,close to last sound
179,EN2004a,Headset mix,B,679.002,679.172,0,loud,throat clear,1,speech,medium,,
180,EN2004a,Headset mix,B,679.199,679.675,0,loud,throat clear,1,speech,medium,,close
181,EN2004a,Headset mix,B,679.853,680.274,0,loud,throat clear,1,speech,medium,,close
182,EN2004a,Headset mix,B,1342.111,1342.39,0,quiet,throat clear,1,speech,medium,,
183,EN2004a,Headset mix,B,1408.686,1408.936,0,medium,throat clear,1,speech,quiet,,
184,EN2004a,Headset mix,B,1409.007,1409.339,0,medium,throat clear,1,speech,quiet,,close
185,EN2004a,Headset mix,B,2422.522,2422.687,0,loud,throat clear,0,,,,
186,EN2004a,Headset mix,B,2422.747,2423.147,0,loud,throat clear,0,,,,close
187,EN2004a,Headset mix,B,2477.832,2477.973,0,medium,throat clear,1,speech,loud,,
188,EN2004a,Headset mix,B,2478.16,2478.525,0,medium,throat clear,1,speech,loud,,close
189,EN2004a,Headset mix,B,2608.97,2609.137,0,loud,throat clear,0,,,,
190,EN2004a,Headset mix,B,2609.193,2609.652,0,loud,throat clear,0,,,,close
191,EN2004a,Headset mix,B,2809.109,2809.275,0,loud,throat clear,0,,,,
192,EN2004a,Headset mix,B,2809.35,2809.546,0,loud,throat clear,0,,,,close
193,EN2004a,Headset mix,B,2809.654,2809.911,0,loud,throat clear,0,,,,close
194,EN2004a,Headset mix,B,2930.566,2930.736,0,medium,throat clear,1,speech,medium,,
195,EN2004a,Headset mix,B,2930.786,2930.946,0,medium,throat clear,1,speech,medium,,close
196,EN2004a,Headset mix,B,2931.064,2931.267,0,medium,throat clear,1,speech,medium,,close
197,EN2004a,Headset mix,B,2931.467,2931.631,0,medium,throat clear,1,speech,medium,,close
198,EN2004a,Headset mix,B,2931.742,2931.939,0,medium,throat clear,1,speech,medium,,close
199,EN2004a,Headset mix,B,2932.001,2932.286,0,medium,throat clear,1,speech,medium,,close
200,EN2004a,Headset mix,B,3027.75,3027.951,0,loud,throat clear,0,,,,
201,EN2004a,Headset mix,B,3028.034,3028.243,0,loud,throat clear,0,,,,close
202,EN2004a,Headset mix,B,3028.312,3028.868,0,loud,throat clear,0,,,,close
203,EN2004a,Headset mix,B,3071.093,3071.25,0,medium,throat clear,0,,,,
204,EN2004a,Headset mix,B,3071.334,3071.6,0,medium,throat clear,0,,,,close
205,EN2004a,Headset mix,C,443.983,444.42,0,quiet,unsure,1,laugh,loud,,
206,EN2004a,Headset mix,C,1877.936,1878.34,0,quiet,throat clear,1,speech,medium,,
207,EN2004a,Headset mix,C,2864.202,2864.934,0,medium,throat clear,1,speech,medium,1,
208,EN2004a,Headset mix,C,3342.918,3343.35,0,medium,laugh,1,speech,medium,,
209,EN2005a,Headset mix,D,3158.824,3159.192,1,loud,dry,0,,,,
210,EN2005a,Headset mix,D,3159.226,3159.523,1,loud,dry,0,,,,close
211,EN2005a,Headset mix,D,3474.396,3474.889,0,medium,throat clear,0,,,,
212,EN2005a,Headset mix,D,3703.027,3703.527,0,medium,throat clear,0,,,,
213,EN2005a,Headset mix,D,5176.03,5176.432,0,medium,throat clear,0,,,,
214,EN2006a,Headset mix,B,17.452,18.065,1,medium,weak,1,rustling,medium,,
215,EN2006a,Headset mix,B,73.624,73.977,1,loud,short,1,speech,quiet,,
216,EN2006a,Headset mix,B,120.912,121.368,0,quiet,throat clear,1,speech,,,
217,EN2006a,Headset mix,B,186.951,187.367,0,medium,throat clear,0,,,,
218,EN2006a,Headset mix,B,188.173,188.666,0,medium,throat clear,1,speech,medium,,
219,EN2006a,Headset mix,B,446.29,446.809,0,medium,throat clear,0,,,,
220,EN2006a,Headset mix,B,504.111,505.016,0,quiet,throat clear,0,,,,
221,EN2006a,Headset mix,B,505.51,505.771,0,quiet,breath,0,,,,
222,EN2006a,Headset mix,B,664.374,665.035,1,medium,dry,1,speech,loud,,
223,EN2006a,Headset mix,B,730.943,731.714,1,loud,dry,0,,,,
224,EN2006a,Headset mix,B,953.726,954.074,1,medium,dry,1,speech,loud,,
225,EN2006a,Headset mix,B,1050.811,1051.626,0,quiet,swallow,0,,,,
226,EN2006a,Headset mix,B,1052.02,1052.28,0,quiet,swallow,1,speech,medium,,close
227,EN2006a,Headset mix,B,1096.709,1097.181,1,loud,short,0,,,,
228,EN2006a,Headset mix,B,1213.344,1213.664,0,quiet,throat clear,0,,,,
229,EN2006a,Headset mix,B,1214.671,1215.043,0,quiet,throat clear,0,,,,
230,EN2006a,Headset mix,B,1393.9,1394.632,0,quiet,breathing,0,,,,
231,EN2006a,Headset mix,B,1465.253,1465.639,0,quiet,unsure,0,,,,
232,EN2006a,Headset mix,B,1547.808,1548.768,0,quiet,breathing,0,,,,
233,EN2006a,Headset mix,B,1736.755,1737.743,0,medium,throat clear,0,,,,
234,EN2006a,Headset mix,B,1773.753,1774.75,0,medium,throat clear,1,humm,medium,,
235,EN2006a,Headset mix,B,1796.35,1797.04,0,medium,throat clear,1,hiss,loud,,
236,EN2006a,Headset mix,B,1928.864,1929.202,0,quiet,breath,0,,,,
237,EN2006a,Headset mix,B,1935.525,1936.876,0,quiet,unsure,0,,,,
238,EN2006a,Headset mix,B,2074.357,2075.176,0,quiet,unsure,0,,,,
239,EN2006a,Headset mix,B,2108.2,2108.992,0,quiet,breath,1,speech,medium,,
240,EN2006a,Headset mix,B,2248.24,2248.851,0,quiet,throat clear,1,laugh,medium,,
241,EN2006a,Headset mix,B,2487.664,2488.288,0,quiet,throat clear,0,,,,
242,EN2006a,Headset mix,B,2520.32,2521.233,0,medium,throat clear,0,,,,
243,EN2006a,Headset mix,B,2800.817,2801.244,0,quiet,unsure,0,,,,
244,EN2006a,Headset mix,B,2845.951,2846.958,1,quiet,weak,1,speech,medium,,
245,EN2006a,Headset mix,B,2956.551,2957.292,0,quiet,throat clear,1,rustling,medium,,
246,EN2006a,Headset mix,B,3000.8,3001.482,0,quiet,throat clear,1,speech,medium,,
247,EN2006a,Headset mix,B,3168.743,3169.786,0,quiet,breath,1,speech,medium,,
248,EN2006a,Headset mix,B,3194.758,3195.727,0,medium,throat clear,0,,,,
249,EN2006a,Headset mix,B,3245.552,3246.464,0,quiet,throat clear,1,speech,medium,,
250,EN2006a,Headset mix,B,3246.774,3247.725,0,quiet,breath,1,speech,medium,,
251,EN2006a,Headset mix,B,3280.848,3282.142,0,quiet,breath,0,,,,
252,EN2006a,Headset mix,B,3319.332,3320.293,0,quiet,throat clear,0,,,,
253,EN2006a,Headset mix,B,3407.992,3408.261,0,quiet,unsure,0,,,,
254,EN2006a,Headset mix,D,360.845,361.069,0,quiet,unsure,0,,,,
255,EN2006a,Headset mix,D,553.92,554.585,0,quiet,throat clear,0,,,,
256,EN2006a,Headset mix,D,3373.684,3374.21,0,quiet,breath,0,,,,
257,EN2006b,Headset mix,B,138.888,139.512,0,quiet,silence,0,,,,
258,EN2006b,Headset mix,B,169.913,170.631,1,loud,dry,0,,,,
259,EN2006b,Headset mix,B,373.487,374.261,0,quiet,breath,1,speech,medium,,
260,EN2006b,Headset mix,B,540.907,542.543,0,quiet,breath,0,,,,
261,EN2006b,Headset mix,B,641.742,642.525,0,quiet,throat clear,0,,,,
262,EN2006b,Headset mix,B,664.787,665.474,1,loud,dry,0,,,,
263,EN2006b,Headset mix,B,756.26,757.003,1,medium,dry,1,speech,medium,,
264,EN2006b,Headset mix,B,840.034,840.798,1,loud,dry,0,,,,
265,EN2006b,Headset mix,B,1156.279,1157.169,1,loud,dry,1,speech,loud,,
266,EN2006b,Headset mix,B,1251.655,1252.441,1,loud,dry,0,,,,
267,EN2006b,Headset mix,B,1345.28,1345.968,0,quiet,breath,1,speech,medium,,
268,EN2006b,Headset mix,B,1439.155,1439.628,1,loud,dry,0,,,,
269,EN2006b,Headset mix,B,1450.037,1450.301,0,quiet,breath,1,speech,quiet,,
270,EN2006b,Headset mix,B,1667.424,1668.432,1,quiet,weak,1,speech,medium,1,
271,EN2006b,Headset mix,B,1704.04,1704.853,1,loud,dry,0,,,,
272,EN2006b,Headset mix,B,1899.139,1900.05,0,quiet,breath,1,rustling,medium,,
273,EN2006b,Headset mix,B,1951.962,1952.858,1,loud,dry,0,,,,
274,EN2006b,Headset mix,B,2075.113,2076.12,0,quiet,breath,1,rustling,medium,,
275,EN2006b,Headset mix,B,2171.138,2171.846,0,quiet,throat clear,1,speech,medium,,
276,EN2006b,Headset mix,B,2186.976,2187.535,0,quiet,breath,0,,,,
277,EN2006b,Headset mix,B,2208.166,2209.123,0,quiet,throat clear,0,,,,
278,EN2006b,Headset mix,B,2286.67,2287.226,1,medium,dry,1,speech,medium,,
279,EN2006b,Headset mix,B,2393.12,2394.061,1,medium,dry,0,,,,
280,EN2006b,Headset mix,B,2563.06,2563.474,1,quiet,weak,0,,,1,
281,EN2006b,Headset mix,B,2783.316,2784.382,0,quiet,throat clear,1,speech,medium,,
282,EN2006b,Headset mix,B,2834.51,2835.191,1,medium,dry,0,,,,
283,EN2006b,Headset mix,B,2906.272,2907.203,1,loud,double,0,,,,
284,EN2006b,Headset mix,B,2955.563,2956.572,0,quiet,breath,1,cheer,medium,,
285,EN2009b,Headset mix,B,2210.525,2210.887,0,medium,breath,1,laugh,medium,,
286,EN2009c,Headset mix,B,1790.637,1791.034,1,medium,wheeze,0,,,,
287,EN2009c,Headset mix,B,1791.074,1791.424,1,medium,wheeze,0,,,,close
288,ES2002a,Headset mix,D,436.336,437.264,1,loud,wet,1,speech,loud,,
289,ES2002a,Headset mix,D,701.114,701.555,1,loud,chesty,0,,,,
290,ES2002a,Headset mix,D,701.622,702.049,1,loud,chesty,0,,,,close
291,ES2002a,Headset mix,D,927.255,927.644,0,quiet,throat clear,0,,,,
292,ES2002a,Headset mix,D,1040.868,1041.38,0,quiet,throat clear,1,speech,medium,,
293,ES2002a,Headset mix,D,1104.626,1105.186,1,loud,chesty,0,,,,
294,ES2002a,Headset mix,D,1105.211,1105.736,1,loud,chesty,0,,,,close
295,ES2002b,Headset mix,A,432.36,432.799,0,quiet,throat clear,1,speech,medium,,
296,ES2002b,Headset mix,A,454.92,455.475,1,medium,dry,1,speech,loud,,
297,ES2002b,Headset mix,A,612.491,612.997,0,medium,throat clear,1,speech,medium,,
298,ES2002b,Headset mix,A,646.72,647.349,0,medium,throat clear,1,speech,loud,,
299,ES2002b,Headset mix,A,1299.353,1299.723,0,medium,throat clear,1,speech,medium,,
300,ES2002b,Headset mix,A,1773.038,1774.017,0,medium,throat clear,1,speech,medium,,
301,ES2002b,Headset mix,A,1834.78,1835.479,,,,,,,,
302,ES2002b,Headset mix,A,2136.085,2136.792,,,,,,,,
303,ES2002b,Headset mix,B,1724.439,1725.003,,,,,,,,
304,ES2002b,Headset mix,B,1864.411,1865.077,,,,,,,,
305,ES2002b,Headset mix,B,1952.099,1952.579,,,,,,,,
306,ES2002b,Headset mix,D,38.121,38.807,,,,,,,,
307,ES2002b,Headset mix,D,251.697,251.892,,,,,,,,
308,ES2002b,Headset mix,D,251.905,252.407,,,,,,,,
309,ES2002b,Headset mix,D,675.401,676.067,,,,,,,,
310,ES2002b,Headset mix,D,1804.213,1804.348,,,,,,,,
311,ES2002b,Headset mix,D,1804.394,1804.78,,,,,,,,
312,ES2002c,Headset mix,D,32.4,33.008,,,,,,,,
313,ES2002c,Headset mix,D,285.026,285.422,,,,,,,,
314,ES2002c,Headset mix,D,882.4,882.778,,,,,,,,
315,ES2002c,Headset mix,D,882.877,883.284,,,,,,,,
316,ES2002c,Headset mix,D,959.485,960.444,,,,,,,,
317,ES2002c,Headset mix,D,1065.93,1066.226,,,,,,,,
318,ES2002c,Headset mix,D,1066.265,1066.679,,,,,,,,
319,ES2002c,Headset mix,D,1294.592,1295.344,,,,,,,,
320,ES2002c,Headset mix,D,1447.727,1447.908,,,,,,,,
321,ES2002c,Headset mix,D,1447.914,1448.397,,,,,,,,
322,ES2002c,Headset mix,D,1448.483,1449.252,,,,,,,,
323,ES2002c,Headset mix,D,1830.432,1830.972,,,,,,,,
324,ES2002c,Headset mix,D,1846.896,1847.412,,,,,,,,
325,ES2002d,Headset mix,A,256.875,257.257,,,,,,,,
326,ES2002d,Headset mix,A,1662.749,1663.324,,,,,,,,
327,ES2002d,Headset mix,A,1679.531,1679.885,,,,,,,,
328,ES2002d,Headset mix,A,1692.513,1692.967,,,,,,,,
329,ES2002d,Headset mix,A,1693.147,1693.474,,,,,,,,
330,ES2002d,Headset mix,A,1693.685,1694.054,,,,,,,,
331,ES2002d,Headset mix,A,1730.938,1731.622,,,,,,,,
332,ES2002d,Headset mix,C,174.749,174.985,,,,,,,,
333,ES2002d,Headset mix,C,175.019,175.693,,,,,,,,
334,ES2002d,Headset mix,C,926.666,927.541,,,,,,,,
335,ES2002d,Headset mix,C,2392.414,2392.587,,,,,,,,
336,ES2002d,Headset mix,C,2392.618,2392.947,,,,,,,,
337,ES2002d,Headset mix,C,2398.326,2398.53,,,,,,,,
338,ES2002d,Headset mix,C,2398.53,2398.676,,,,,,,,
339,ES2002d,Headset mix,C,2398.713,2398.829,,,,,,,,
340,ES2002d,Headset mix,C,2398.88,2399.599,,,,,,,,
341,ES2003a,Headset mix,C,145.424,146.144,,,,,,,,
342,ES2003b,Headset mix,C,313.978,314.388,,,,,,,,
343,ES2003b,Headset mix,D,1658.601,1659.118,,,,,,,,
344,ES2003b,Headset mix,D,1659.175,1659.478,,,,,,,,
345,ES2003b,Headset mix,D,1660.085,1660.681,,,,,,,,
346,ES2003c,Headset mix,D,141.581,142.157,,,,,,,,
347,ES2003c,Headset mix,D,1427.366,1427.602,,,,,,,,
348,ES2003c,Headset mix,D,1427.675,1428.155,,,,,,,,
349,ES2003c,Headset mix,D,2183.259,2183.808,,,,,,,,
350,ES2003d,Headset mix,D,474.796,475.765,,,,,,,,
351,ES2003d,Headset mix,D,1350.523,1351.368,,,,,,,,
352,ES2003d,Headset mix,D,2122.528,2123.216,,,,,,,,
353,ES2003d,Headset mix,D,2179.28,2180.224,,,,,,,,
354,ES2004a,Headset mix,A,65.994,66.54,,,,,,,,
355,ES2004a,Headset mix,C,390.77,391.485,,,,,,,,
356,ES2004a,Headset mix,C,390.778,391.421,,,,,,,,
357,ES2004b,Headset mix,C,282.273,282.857,,,,,,,,
358,ES2004b,Headset mix,D,1554.496,1554.8,,,,,,,,
359,ES2004c,Headset mix,C,2114.004,2114.555,,,,,,,,
360,ES2004c,Headset mix,D,474.45,474.983,,,,,,,,
361,ES2004c,Headset mix,D,475.046,475.471,,,,,,,,
362,ES2004d,Headset mix,C,188.419,188.933,,,,,,,,
363,ES2004d,Headset mix,C,194.667,195.382,,,,,,,,
364,ES2004d,Headset mix,C,971.602,972.206,,,,,,,,
365,ES2004d,Headset mix,C,2064.495,2065.035,,,,,,,,
366,ES2004d,Headset mix,C,2065.045,2065.384,,,,,,,,
367,ES2005b,Headset mix,C,32.266,32.724,,,,,,,,
368,ES2005b,Headset mix,C,136.362,137.001,,,,,,,,
369,ES2005b,Headset mix,C,141.073,141.846,,,,,,,,
370,ES2005b,Headset mix,C,490.048,490.68,,,,,,,,
371,ES2005b,Headset mix,C,902.237,903.603,,,,,,,,
372,ES2005b,Headset mix,C,995.181,995.743,,,,,,,,
373,ES2005b,Headset mix,C,1258.619,1259.182,,,,,,,,
374,ES2005b,Headset mix,C,1303.56,1304.275,,,,,,,,
375,ES2005b,Headset mix,C,1328.493,1329.083,,,,,,,,
376,ES2005b,Headset mix,C,1374.09,1374.979,,,,,,,,
377,ES2005b,Headset mix,C,1440.762,1441.713,,,,,,,,
378,ES2005b,Headset mix,C,1774.045,1774.643,,,,,,,,
379,ES2005b,Headset mix,C,2095.689,2096.919,,,,,,,,
380,ES2005b,Headset mix,C,2166.768,2167.328,,,,,,,,
381,ES2005b,Headset mix,C,2246.644,2247.186,,,,,,,,
382,ES2005b,Headset mix,C,2262.097,2262.736,,,,,,,,
383,ES2005b,Headset mix,C,2290.454,2291.102,,,,,,,,
384,ES2005c,Headset mix,A,1496.151,1496.758,,,,,,,,
385,ES2005c,Headset mix,B,75.176,75.78,,,,,,,,
386,ES2005c,Headset mix,B,100.765,101.195,,,,,,,,
387,ES2005c,Headset mix,C,42.94,43.461,,,,,,,,
388,ES2005c,Headset mix,C,52.161,52.807,,,,,,,,
389,ES2005c,Headset mix,C,697.093,697.653,,,,,,,,
390,ES2005c,Headset mix,C,858.393,858.587,,,,,,,,
391,ES2005c,Headset mix,C,868.499,869.096,,,,,,,,
392,ES2005c,Headset mix,C,1404.078,1404.494,,,,,,,,
393,ES2005c,Headset mix,C,1489.241,1489.74,,,,,,,,
394,ES2005c,Headset mix,C,1948.537,1949.148,,,,,,,,
395,ES2005c,Headset mix,C,1994.634,1995.224,,,,,,,,
396,ES2005c,Headset mix,C,2139.079,2140.086,,,,,,,,
397,ES2005c,Headset mix,C,2233.934,2234.539,,,,,,,,
398,ES2005d,Headset mix,A,71.641,72.866,,,,,,,,
399,ES2005d,Headset mix,A,355.309,355.824,,,,,,,,
400,ES2005d,Headset mix,A,734.544,734.896,,,,,,,,
401,ES2005d,Headset mix,A,1345.371,1346.158,,,,,,,,
402,ES2005d,Headset mix,A,1661.44,1661.792,,,,,,,,
403,ES2005d,Headset mix,B,921.664,921.984,,,,,,,,
404,ES2005d,Headset mix,C,61.869,62.32,,,,,,,,
405,ES2005d,Headset mix,C,63.563,64.285,,,,,,,,
406,ES2005d,Headset mix,C,89.723,90.327,,,,,,,,
407,ES2005d,Headset mix,C,154.272,154.735,,,,,,,,
408,ES2005d,Headset mix,C,200.067,200.672,,,,,,,,
409,ES2005d,Headset mix,C,597.772,598.515,,,,,,,,
410,ES2005d,Headset mix,C,789.863,790.485,,,,,,,,
411,ES2005d,Headset mix,C,800.701,801.048,,,,,,,,
412,ES2005d,Headset mix,C,801.196,802.466,,,,,,,,
413,ES2006a,Headset mix,D,481.306,481.764,,,,,,,,
414,ES2006c,Headset mix,D,572.992,573.459,,,,,,,,
415,ES2006c,Headset mix,D,573.72,574.124,,,,,,,,
416,ES2006c,Headset mix,D,1454.944,1455.765,,,,,,,,
417,ES2006d,Headset mix,B,718.432,718.961,,,,,,,,
418,ES2006d,Headset mix,D,1829.351,1829.752,,,,,,,,
419,ES2007a,Headset mix,D,154.073,155.112,,,,,,,,
420,ES2007a,Headset mix,D,237.589,238.105,,,,,,,,
421,ES2007a,Headset mix,D,238.367,238.629,,,,,,,,
422,ES2007a,Headset mix,D,485.899,486.302,,,,,,,,
423,ES2007a,Headset mix,D,486.345,486.634,,,,,,,,
424,ES2007a,Headset mix,D,568.528,568.896,,,,,,,,
425,ES2007b,Headset mix,C,1024.791,1025.395,,,,,,,,
426,ES2007b,Headset mix,D,331.559,331.979,,,,,,,,
427,ES2007b,Headset mix,D,332.058,332.413,,,,,,,,
428,ES2007b,Headset mix,D,681.76,682.096,,,,,,,,
429,ES2007b,Headset mix,D,961.671,962.168,,,,,,,,
430,ES2007c,Headset mix,D,22.689,23.064,,,,,,,,
431,ES2007c,Headset mix,D,163.018,163.412,,,,,,,,
432,ES2007c,Headset mix,D,178.592,179.408,,,,,,,,
433,ES2007c,Headset mix,D,220.64,221.166,,,,,,,,
434,ES2007c,Headset mix,D,234.576,235.536,,,,,,,,
435,ES2007c,Headset mix,D,271.818,272.375,,,,,,,,
436,ES2007c,Headset mix,D,272.364,272.611,,,,,,,,
437,ES2007c,Headset mix,D,272.857,273.211,,,,,,,,
438,ES2007c,Headset mix,D,677.04,677.776,,,,,,,,
439,ES2007c,Headset mix,D,952.751,953.153,,,,,,,,
440,ES2007c,Headset mix,D,953.363,953.888,,,,,,,,
441,ES2007c,Headset mix,D,1036.881,1037.276,,,,,,,,
442,ES2007c,Headset mix,D,1037.663,1038.04,,,,,,,,
443,ES2007c,Headset mix,D,1240.814,1241.809,,,,,,,,
444,ES2007c,Headset mix,D,1585.709,1586.448,,,,,,,,
445,ES2007c,Headset mix,D,1717.114,1717.596,,,,,,,,
446,ES2007c,Headset mix,D,1717.799,1718.195,,,,,,,,
447,ES2007d,Headset mix,D,120.69,121.176,,,,,,,,
448,ES2007d,Headset mix,D,121.247,121.671,,,,,,,,
449,ES2008a,Headset mix,D,10.781,11.488,,,,,,,,
450,ES2008a,Headset mix,D,160.688,161.255,,,,,,,,
451,ES2008a,Headset mix,D,758.336,758.672,,,,,,,,
452,ES2008b,Headset mix,A,1097.823,1098.163,,,,,,,,
453,ES2008b,Headset mix,A,1098.186,1098.44,,,,,,,,
454,ES2008b,Headset mix,D,531.334,532.276,,,,,,,,
455,ES2008b,Headset mix,D,643.809,644.145,,,,,,,,
456,ES2008b,Headset mix,D,644.178,644.625,,,,,,,,
457,ES2008b,Headset mix,D,982.64,983.36,,,,,,,,
458,ES2008b,Headset mix,D,1117.92,1118.4,,,,,,,,
459,ES2008b,Headset mix,D,1233.992,1234.354,,,,,,,,
460,ES2008b,Headset mix,D,1234.38,1234.896,,,,,,,,
461,ES2008b,Headset mix,D,1463.92,1464.336,,,,,,,,
462,ES2008b,Headset mix,D,1533.837,1534.426,,,,,,,,
463,ES2008b,Headset mix,D,1985.24,1985.539,,,,,,,,
464,ES2008b,Headset mix,D,1985.589,1985.94,,,,,,,,
465,ES2008c,Headset mix,D,529.264,529.938,,,,,,,,
466,ES2008c,Headset mix,D,934.074,934.617,,,,,,,,
467,ES2008c,Headset mix,D,1590.415,1591.05,,,,,,,,
468,ES2008d,Headset mix,D,358.874,359.493,,,,,,,,
469,ES2008d,Headset mix,D,530.964,531.603,,,,,,,,
470,ES2008d,Headset mix,D,1509.392,1509.744,,,,,,,,
471,ES2008d,Headset mix,D,1599.056,1599.407,,,,,,,,
472,ES2008d,Headset mix,D,1682.074,1682.826,,,,,,,,
473,ES2008d,Headset mix,D,2236.944,2237.296,,,,,,,,
474,ES2009a,Headset mix,A,1004.994,1005.369,,,,,,,,
475,ES2009a,Headset mix,A,1008.24,1008.769,,,,,,,,
476,ES2009a,Headset mix,A,1022.88,1023.744,,,,,,,,
477,ES2009a,Headset mix,C,659.541,660.255,,,,,,,,
478,ES2009a,Headset mix,D,684.911,685.348,,,,,,,,
479,ES2009b,Headset mix,A,683.149,683.572,,,,,,,,
480,ES2009b,Headset mix,A,684.579,685.072,,,,,,,,
481,ES2009b,Headset mix,C,301.249,301.833,,,,,,,,
482,ES2009b,Headset mix,C,805.256,805.728,,,,,,,,
483,ES2009d,Headset mix,A,646.077,646.383,,,,,,,,
484,ES2009d,Headset mix,C,1183.499,1184.013,,,,,,,,
485,ES2009d,Headset mix,C,1296.304,1297.001,,,,,,,,
486,ES2009d,Headset mix,D,1901.703,1902.05,,,,,,,,
487,ES2009d,Headset mix,D,1902.084,1902.415,,,,,,,,
488,ES2010a,Headset mix,A,310.275,310.942,,,,,,,,
489,ES2010a,Headset mix,C,140.299,140.786,,,,,,,,
490,ES2010a,Headset mix,C,140.866,141.406,,,,,,,,
491,ES2010a,Headset mix,C,256.421,256.983,,,,,,,,
492,ES2010a,Headset mix,C,257.203,257.719,,,,,,,,
493,ES2010a,Headset mix,C,321.326,321.749,,,,,,,,
494,ES2010a,Headset mix,C,429.855,430.344,,,,,,,,
495,ES2010a,Headset mix,C,517.856,518.8,,,,,,,,
496,ES2010b,Headset mix,A,306.416,306.72,,,,,,,,
497,ES2010b,Headset mix,C,280.722,281.132,,,,,,,,
498,ES2010b,Headset mix,C,497.885,498.064,,,,,,,,
499,ES2010b,Headset mix,C,498.139,498.295,,,,,,,,
500,ES2010b,Headset mix,C,498.32,498.632,,,,,,,,
501,ES2010b,Headset mix,C,553.904,554.699,,,,,,,,
502,ES2010b,Headset mix,C,655.552,655.872,,,,,,,,
503,ES2010b,Headset mix,C,702.585,703.427,,,,,,,,
504,ES2010b,Headset mix,C,999.72,1000.289,,,,,,,,
505,ES2010c,Headset mix,A,489.968,490.368,,,,,,,,
506,ES2010c,Headset mix,C,279.733,280.081,,,,,,,,
507,ES2010c,Headset mix,C,280.238,281.098,,,,,,,,
508,ES2010c,Headset mix,C,345.142,345.372,,,,,,,,
509,ES2010c,Headset mix,C,541.144,541.276,,,,,,,,
510,ES2010c,Headset mix,C,541.303,541.716,,,,,,,,
511,ES2010c,Headset mix,C,1618.254,1619.12,,,,,,,,
512,ES2010d,Headset mix,A,784.505,785.029,,,,,,,,
513,ES2010d,Headset mix,C,64.615,64.941,,,,,,,,
514,ES2010d,Headset mix,C,165.533,166.056,,,,,,,,
515,ES2010d,Headset mix,C,253.332,253.812,,,,,,,,
516,ES2010d,Headset mix,C,297.738,297.976,,,,,,,,
517,ES2010d,Headset mix,C,362.187,363.006,,,,,,,,
518,ES2010d,Headset mix,C,426.016,426.566,,,,,,,,
519,ES2010d,Headset mix,C,540.478,541.117,,,,,,,,
520,ES2010d,Headset mix,C,631.461,631.676,,,,,,,,
521,ES2010d,Headset mix,C,631.81,632.401,,,,,,,,
522,ES2010d,Headset mix,C,735.791,736.09,,,,,,,,
523,ES2010d,Headset mix,C,736.311,736.707,,,,,,,,
524,ES2010d,Headset mix,C,773.294,773.564,,,,,,,,
525,ES2010d,Headset mix,C,773.601,774.399,,,,,,,,
526,ES2010d,Headset mix,C,898.113,898.944,,,,,,,,
527,ES2010d,Headset mix,C,946.157,946.935,,,,,,,,
528,ES2011a,Headset mix,B,282.258,282.697,,,,,,,,
529,ES2011a,Headset mix,B,581.182,581.632,,,,,,,,
530,ES2011a,Headset mix,C,943.856,944.027,,,,,,,,
531,ES2011a,Headset mix,C,944.047,944.576,,,,,,,,
532,ES2011c,Headset mix,C,86.74,86.866,,,,,,,,
533,ES2011c,Headset mix,C,86.878,87.583,,,,,,,,
534,ES2011d,Headset mix,C,1972.258,1972.539,,,,,,,,
535,ES2011d,Headset mix,C,1972.629,1973.741,,,,,,,,
536,ES2012a,Headset mix,D,649.054,649.853,,,,,,,,
537,ES2012a,Headset mix,D,862.106,862.624,,,,,,,,
538,ES2012b,Headset mix,A,401.499,402.149,,,,,,,,
539,ES2012b,Headset mix,A,405.999,406.874,,,,,,,,
540,ES2012b,Headset mix,A,668.087,669.16,,,,,,,,
541,ES2012b,Headset mix,A,712.276,713.292,,,,,,,,
542,ES2012b,Headset mix,A,751.049,751.323,,,,,,,,
543,ES2012b,Headset mix,A,773.515,773.705,,,,,,,,
544,ES2012b,Headset mix,A,773.777,774.374,,,,,,,,
545,ES2012b,Headset mix,A,907.682,908.34,,,,,,,,
546,ES2012b,Headset mix,A,969.637,970.399,,,,,,,,
547,ES2012b,Headset mix,A,1052.075,1052.925,,,,,,,,
548,ES2012b,Headset mix,A,1106.46,1107.001,,,,,,,,
549,ES2012b,Headset mix,A,1110.96,1111.344,,,,,,,,
550,ES2012b,Headset mix,A,1255.17,1255.398,,,,,,,,
551,ES2012b,Headset mix,D,851.464,851.824,,,,,,,,
552,ES2012b,Headset mix,D,1302.783,1303.504,,,,,,,,
553,ES2012b,Headset mix,D,1636.924,1637.401,,,,,,,,
554,ES2012b,Headset mix,D,1652.998,1653.743,,,,,,,,
555,ES2012b,Headset mix,D,1895.098,1895.547,,,,,,,,
556,ES2012c,Headset mix,A,293.888,294.629,,,,,,,,
557,ES2012c,Headset mix,D,1333.315,1333.76,,,,,,,,
558,ES2012d,Headset mix,A,221.737,221.966,,,,,,,,
559,ES2013a,Headset mix,B,638.32,639.058,,,,,,,,
560,ES2013c,Headset mix,B,419.801,420.013,,,,,,,,
561,ES2013c,Headset mix,B,420.087,420.3,,,,,,,,
562,ES2013c,Headset mix,B,420.457,421.104,,,,,,,,
563,ES2013c,Headset mix,B,803.866,804.477,,,,,,,,
564,ES2013c,Headset mix,B,805.132,805.72,,,,,,,,
565,ES2013c,Headset mix,B,1071.23,1071.751,,,,,,,,
566,ES2013c,Headset mix,B,1072.126,1072.467,,,,,,,,
567,ES2013c,Headset mix,B,1263.136,1263.568,,,,,,,,
568,ES2013c,Headset mix,B,1292.915,1293.696,,,,,,,,
569,ES2013c,Headset mix,B,1314.478,1315.147,,,,,,,,
570,ES2013c,Headset mix,B,1316.146,1316.764,,,,,,,,
571,ES2013c,Headset mix,B,1599.932,1600.387,,,,,,,,
572,ES2013c,Headset mix,B,1957.006,1957.601,,,,,,,,
573,ES2013c,Headset mix,B,2126.945,2127.792,,,,,,,,
574,ES2013c,Headset mix,B,2294.587,2295.021,,,,,,,,
575,ES2013c,Headset mix,C,615.853,616.312,,,,,,,,
576,ES2013c,Headset mix,C,1365.636,1365.934,,,,,,,,
577,ES2013c,Headset mix,C,1366.045,1366.663,,,,,,,,
578,ES2013d,Headset mix,A,467.167,467.653,,,,,,,,
579,ES2013d,Headset mix,A,467.671,467.925,,,,,,,,
580,ES2013d,Headset mix,B,9.528,10.157,,,,,,,,
581,ES2013d,Headset mix,B,10.927,11.633,,,,,,,,
582,ES2014a,Headset mix,A,116.908,117.332,,,,,,,,
583,ES2014a,Headset mix,C,793.576,793.782,,,,,,,,
584,ES2014b,Headset mix,C,183.431,183.935,,,,,,,,
585,ES2014b,Headset mix,C,641.798,642.11,,,,,,,,
586,ES2014b,Headset mix,C,888.23,888.556,,,,,,,,
587,ES2014b,Headset mix,C,888.83,889.386,,,,,,,,
588,ES2014b,Headset mix,C,1316.011,1316.516,,,,,,,,
589,ES2014b,Headset mix,C,1459.04,1459.264,,,,,,,,
590,ES2014b,Headset mix,C,1631.639,1632.045,,,,,,,,
591,ES2014b,Headset mix,C,1928.976,1929.303,,,,,,,,
592,ES2014c,Headset mix,A,616.448,617.093,,,,,,,,
593,ES2014c,Headset mix,B,253.379,253.653,,,,,,,,
594,ES2014c,Headset mix,B,253.678,253.943,,,,,,,,
595,ES2014c,Headset mix,C,152.961,153.691,,,,,,,,
596,ES2014c,Headset mix,C,532.045,532.582,,,,,,,,
597,ES2014c,Headset mix,C,595.39,595.751,,,,,,,,
598,ES2014c,Headset mix,C,930.084,930.514,,,,,,,,
599,ES2014c,Headset mix,C,1461.143,1461.605,,,,,,,,
600,ES2014c,Headset mix,C,1491.808,1492.16,,,,,,,,
601,ES2014d,Headset mix,A,1616.772,1617.217,,,,,,,,
602,ES2014d,Headset mix,C,155.507,155.951,,,,,,,,
603,ES2014d,Headset mix,C,250.736,251.365,,,,,,,,
604,ES2014d,Headset mix,C,822.651,823.243,,,,,,,,
605,ES2014d,Headset mix,C,1905.455,1906.016,,,,,,,,
606,ES2015a,Headset mix,B,920.219,920.836,,,,,,,,
607,ES2015a,Headset mix,D,88.608,88.728,,,,,,,,
608,ES2015a,Headset mix,D,88.854,88.975,,,,,,,,
609,ES2015a,Headset mix,D,89.004,89.451,,,,,,,,
610,ES2015a,Headset mix,D,142.197,142.764,,,,,,,,
611,ES2015a,Headset mix,D,825.806,825.921,,,,,,,,
612,ES2015a,Headset mix,D,825.965,826.079,,,,,,,,
613,ES2015a,Headset mix,D,826.138,826.583,,,,,,,,
614,ES2015a,Headset mix,D,1035.26,1035.44,,,,,,,,
615,ES2015b,Headset mix,D,30.607,30.745,,,,,,,,
616,ES2015b,Headset mix,D,30.796,31.335,,,,,,,,
617,ES2015b,Headset mix,D,526.873,526.995,,,,,,,,
618,ES2015b,Headset mix,D,527.039,527.467,,,,,,,,
619,ES2015b,Headset mix,D,561.14,561.425,,,,,,,,
620,ES2015b,Headset mix,D,717.702,718.264,,,,,,,,
621,ES2015b,Headset mix,D,808.188,809.169,,,,,,,,
622,ES2015b,Headset mix,D,1286.739,1287.258,,,,,,,,
623,ES2015b,Headset mix,D,1489.162,1489.762,,,,,,,,
624,ES2015c,Headset mix,B,42.861,43.104,,,,,,,,
625,ES2015c,Headset mix,B,43.116,43.489,,,,,,,,
626,ES2015c,Headset mix,B,78.007,78.611,,,,,,,,
627,ES2015c,Headset mix,B,86.853,87.638,,,,,,,,
628,ES2015c,Headset mix,B,401.923,402.767,,,,,,,,
629,ES2015c,Headset mix,D,40.673,41.27,,,,,,,,
630,ES2015c,Headset mix,D,597.273,597.969,,,,,,,,
631,ES2015c,Headset mix,D,1249.309,1249.822,,,,,,,,
632,ES2015c,Headset mix,D,1264.472,1265.055,,,,,,,,
633,ES2015c,Headset mix,D,1299.49,1299.984,,,,,,,,
634,ES2015c,Headset mix,D,1417.445,1418.157,,,,,,,,
635,ES2015d,Headset mix,B,1234.434,1235.344,,,,,,,,
636,ES2015d,Headset mix,B,1530.697,1531.661,,,,,,,,
637,ES2015d,Headset mix,D,639.767,640.372,,,,,,,,
638,ES2015d,Headset mix,D,1066.095,1066.687,,,,,,,,
639,ES2016a,Headset mix,B,172.857,173.315,,,,,,,,
640,ES2016a,Headset mix,B,357.617,358.211,,,,,,,,
641,ES2016a,Headset mix,B,442.744,443.616,,,,,,,,
642,ES2016a,Headset mix,B,627.544,628.244,,,,,,,,
643,ES2016a,Headset mix,B,715.481,716.069,,,,,,,,
644,ES2016a,Headset mix,B,748.804,749.547,,,,,,,,
645,ES2016a,Headset mix,B,819.521,820.236,,,,,,,,
646,ES2016a,Headset mix,D,854.496,854.992,,,,,,,,
647,ES2016b,Headset mix,B,221.639,222.442,,,,,,,,
648,ES2016b,Headset mix,B,363.054,363.92,,,,,,,,
649,ES2016b,Headset mix,B,939.572,940.079,,,,,,,,
650,ES2016b,Headset mix,B,1139.258,1139.806,,,,,,,,
651,ES2016b,Headset mix,B,1183.16,1183.57,,,,,,,,
652,ES2016b,Headset mix,B,1848.778,1849.229,,,,,,,,
653,ES2016b,Headset mix,B,1975.506,1975.943,,,,,,,,
654,ES2016b,Headset mix,B,2211.373,2211.769,,,,,,,,
655,ES2016b,Headset mix,B,2251.242,2251.71,,,,,,,,
656,ES2016b,Headset mix,B,2312.099,2312.619,,,,,,,,
657,ES2016b,Headset mix,D,613.467,614.13,,,,,,,,
658,ES2016b,Headset mix,D,651.972,652.687,,,,,,,,
659,ES2016b,Headset mix,D,1974.672,1975.392,,,,,,,,
660,ES2016b,Headset mix,D,1988.817,1989.592,,,,,,,,
661,ES2016c,Headset mix,A,311.009,311.509,,,,,,,,
662,ES2016c,Headset mix,B,627.424,628.279,,,,,,,,
663,ES2016c,Headset mix,B,734.265,735.107,,,,,,,,
664,ES2016c,Headset mix,B,999.202,999.654,,,,,,,,
665,ES2016c,Headset mix,B,1061.242,1061.665,,,,,,,,
666,ES2016c,Headset mix,B,1169.719,1170.399,,,,,,,,
667,ES2016c,Headset mix,D,617.619,618.227,,,,,,,,
668,ES2016c,Headset mix,D,1144.34,1145.244,,,,,,,,
669,ES2016c,Headset mix,D,1931.134,1931.484,,,,,,,,
670,ES2016c,Headset mix,D,1974.936,1975.398,,,,,,,,
671,ES2016d,Headset mix,A,1388.681,1389.247,,,,,,,,
672,ES2016d,Headset mix,B,537.079,537.82,,,,,,,,
673,ES2016d,Headset mix,B,730.059,730.427,,,,,,,,
674,ES2016d,Headset mix,B,759.872,760.435,,,,,,,,
675,ES2016d,Headset mix,B,1063.904,1064.745,,,,,,,,
676,ES2016d,Headset mix,B,1463.56,1464.278,,,,,,,,
677,ES2016d,Headset mix,C,183.957,184.324,,,,,,,,
678,ES2016d,Headset mix,D,938.049,938.688,,,,,,,,
679,ES2016d,Headset mix,D,1228.008,1228.442,,,,,,,,
680,IB4001,Headset mix,D,6.378,6.533,,,,,,,,
681,IB4001,Headset mix,D,6.637,6.756,,,,,,,,
682,IB4001,Headset mix,D,6.891,7.225,,,,,,,,
683,IB4001,Headset mix,D,49.666,50.003,,,,,,,,
684,IB4001,Headset mix,D,50.359,50.715,,,,,,,,
685,IB4001,Headset mix,D,50.795,51.349,,,,,,,,
686,IB4001,Headset mix,D,52.905,53.77,,,,,,,,
687,IB4003,Headset mix,B,617.348,617.829,,,,,,,,
688,IB4004,Headset mix,B,133.903,134.348,,,,,,,,
689,IB4004,Headset mix,B,218.032,218.398,,,,,,,,
690,IB4004,Headset mix,B,240.368,240.624,,,,,,,,
691,IB4004,Headset mix,B,363.551,363.941,,,,,,,,
692,IB4004,Headset mix,B,467.476,467.923,,,,,,,,
693,IB4004,Headset mix,B,551.961,552.435,,,,,,,,
694,IB4004,Headset mix,B,587.34,587.754,,,,,,,,
695,IB4004,Headset mix,B,932.48,932.72,,,,,,,,
696,IB4004,Headset mix,B,1170.083,1170.624,,,,,,,,
697,IB4004,Headset mix,B,1346.003,1346.721,,,,,,,,
698,IB4004,Headset mix,B,1439.344,1439.584,,,,,,,,
699,IB4004,Headset mix,B,1662.8,1663.48,,,,,,,,
700,IB4004,Headset mix,B,1752.495,1753,,,,,,,,
701,IB4004,Headset mix,B,1820.507,1821.007,,,,,,,,
702,IB4004,Headset mix,B,2221.771,2222.155,,,,,,,,
703,IB4004,Headset mix,B,2222.256,2222.59,,,,,,,,
704,IB4005,Headset mix,B,224.221,224.769,,,,,,,,
705,IB4005,Headset mix,B,1752.356,1752.814,,,,,,,,
706,IB4005,Headset mix,B,1978.868,1979.405,,,,,,,,
707,IB4010,Headset mix,C,489.44,490.173,,,,,,,,
708,IB4010,Headset mix,C,524.382,525.222,,,,,,,,
709,IB4010,Headset mix,C,981.431,981.86,,,,,,,,
710,IB4010,Headset mix,C,1286.289,1287.037,,,,,,,,
711,IB4010,Headset mix,C,2510.627,2510.754,,,,,,,,
712,IB4010,Headset mix,C,2510.808,2510.934,,,,,,,,
713,IB4010,Headset mix,C,2510.958,2511.219,,,,,,,,
714,IB4010,Headset mix,C,2551.788,2552.709,,,,,,,,
715,IB4010,Headset mix,C,2579.229,2579.349,,,,,,,,
716,IB4010,Headset mix,C,2579.393,2579.608,,,,,,,,
717,IB4011,Headset mix,A,75.141,75.584,,,,,,,,
718,IB4011,Headset mix,C,331.68,332.382,,,,,,,,
719,IB4011,Headset mix,C,486.54,487.257,,,,,,,,
720,IB4011,Headset mix,C,1109.998,1110.623,,,,,,,,
721,IB4011,Headset mix,C,1301.104,1301.488,,,,,,,,
722,IB4011,Headset mix,C,1821.681,1822.365,,,,,,,,
723,IB4011,Headset mix,C,1842.214,1843.189,,,,,,,,
724,IB4011,Headset mix,D,615.261,615.84,,,,,,,,
725,IB4011,Headset mix,D,1415.544,1415.891,,,,,,,,
726,IN1001,Headset mix,B,970.284,970.779,,,,,,,,
727,IN1001,Headset mix,B,3161.493,3162.029,,,,,,,,
728,IN1001,Headset mix,C,1379.72,1380.2,,,,,,,,
729,IN1002,Headset mix,B,106.689,107.045,,,,,,,,
730,IN1002,Headset mix,B,166.332,166.646,,,,,,,,
731,IN1002,Headset mix,B,199.826,200.222,,,,,,,,
732,IN1002,Headset mix,B,308.406,308.892,,,,,,,,
733,IN1002,Headset mix,C,327.342,328.029,,,,,,,,
734,IN1002,Headset mix,D,39.507,40.282,,,,,,,,
735,IN1002,Headset mix,D,44.207,44.995,,,,,,,,
736,IN1002,Headset mix,D,75.069,75.604,,,,,,,,
737,IN1002,Headset mix,D,557.057,557.498,,,,,,,,
738,IN1002,Headset mix,D,558.672,558.992,,,,,,,,
739,IN1002,Headset mix,D,861.147,861.723,,,,,,,,
740,IN1002,Headset mix,D,1078.759,1079.137,,,,,,,,
741,IN1002,Headset mix,D,1079.189,1079.53,,,,,,,,
742,IN1002,Headset mix,D,1616.023,1616.82,,,,,,,,
743,IN1002,Headset mix,D,2047.956,2048.546,,,,,,,,
744,IN1002,Headset mix,D,2166.379,2166.844,,,,,,,,
745,IN1007,Headset mix,A,1908.293,1908.722,,,,,,,,
746,IN1007,Headset mix,A,2328.961,2329.533,,,,,,,,
747,IN1007,Headset mix,B,151.593,152.182,,,,,,,,
748,IN1007,Headset mix,B,424.645,425.41,,,,,,,,
749,IN1007,Headset mix,C,75.164,75.5,,,,,,,,
750,IN1007,Headset mix,C,78.48,79.034,,,,,,,,
751,IN1007,Headset mix,C,93.891,94.412,,,,,,,,
752,IN1007,Headset mix,C,136.172,136.531,,,,,,,,
753,IN1007,Headset mix,C,2359.267,2360.037,,,,,,,,
754,IN1007,Headset mix,C,2368.297,2369.024,,,,,,,,
755,IN1007,Headset mix,D,18.3,18.551,,,,,,,,
756,IN1007,Headset mix,D,18.644,19.259,,,,,,,,
757,IN1008,Headset mix,B,327.009,327.459,,,,,,,,
758,IN1008,Headset mix,B,643.408,643.974,,,,,,,,
759,IN1008,Headset mix,C,145.117,145.54,,,,,,,,
760,IN1008,Headset mix,C,148.271,149.039,,,,,,,,
761,IN1012,Headset mix,A,79.246,79.907,,,,,,,,
762,IN1012,Headset mix,A,172.655,173.138,,,,,,,,
763,IN1012,Headset mix,A,466.13,466.666,,,,,,,,
764,IN1012,Headset mix,A,572.504,572.899,,,,,,,,
765,IN1012,Headset mix,A,573.146,573.451,,,,,,,,
766,IN1012,Headset mix,A,573.822,574.077,,,,,,,,
767,IN1012,Headset mix,A,2203.865,2204.517,,,,,,,,
768,IN1012,Headset mix,C,1960.193,1960.71,,,,,,,,
769,IN1012,Headset mix,C,1960.725,1961.43,,,,,,,,
770,IN1012,Headset mix,D,211.861,212.3,,,,,,,,
771,IN1012,Headset mix,D,212.532,213.229,,,,,,,,
772,IN1012,Headset mix,D,698.027,698.332,,,,,,,,
773,IN1012,Headset mix,D,699.141,699.418,,,,,,,,
774,IN1012,Headset mix,D,699.514,699.893,,,,,,,,
775,IN1012,Headset mix,D,699.936,700.251,,,,,,,,
776,IN1012,Headset mix,D,702.68,703.113,,,,,,,,
777,IN1012,Headset mix,D,703.193,703.51,,,,,,,,
778,IN1012,Headset mix,D,810.773,811.697,,,,,,,,
779,IN1013,Headset mix,B,2627.76,2628.357,,,,,,,,
780,IN1013,Headset mix,B,2855.852,2856.55,,,,,,,,
781,IN1013,Headset mix,B,2866.331,2866.946,,,,,,,,
782,IN1013,Headset mix,C,584.085,584.452,,,,,,,,
783,IN1013,Headset mix,C,2377.706,2378.437,,,,,,,,
784,IN1014,Headset mix,C,1506.557,1507.123,,,,,,,,
785,IN1016,Headset mix,A,346.575,346.968,,,,,,,,
786,IN1016,Headset mix,A,1215.505,1216.068,,,,,,,,
787,IN1016,Headset mix,A,2345.934,2346.447,,,,,,,,
788,IS1000a,Headset mix,B,92.271,92.516,,,,,,,,
789,IS1000a,Headset mix,B,92.507,92.786,,,,,,,,
790,IS1000a,Headset mix,C,247.456,247.968,,,,,,,,
791,IS1000a,Headset mix,C,537.924,538.576,,,,,,,,
792,IS1000b,Headset mix,A,871.257,871.628,,,,,,,,
793,IS1000b,Headset mix,A,1749.734,1750.025,,,,,,,,
794,IS1000b,Headset mix,B,334.815,335.261,,,,,,,,
795,IS1000b,Headset mix,D,1034.546,1034.865,,,,,,,,
796,IS1000b,Headset mix,D,1034.906,1035.163,,,,,,,,
797,IS1000b,Headset mix,D,1953.5,1954.282,,,,,,,,
798,IS1000c,Headset mix,A,317.946,318.482,,,,,,,,
799,IS1000c,Headset mix,A,1406.96,1407.436,,,,,,,,
800,IS1000c,Headset mix,B,106.016,106.588,,,,,,,,
801,IS1000c,Headset mix,D,594.736,595.072,,,,,,,,
802,IS1000d,Headset mix,A,290.559,291.143,,,,,,,,
803,IS1000d,Headset mix,A,1751.439,1751.547,,,,,,,,
804,IS1000d,Headset mix,A,1751.555,1751.701,,,,,,,,
805,IS1000d,Headset mix,A,1892.224,1892.544,,,,,,,,
806,IS1000d,Headset mix,B,59.479,59.913,,,,,,,,
807,IS1000d,Headset mix,B,59.936,60.163,,,,,,,,
808,IS1000d,Headset mix,B,153.019,153.418,,,,,,,,
809,IS1000d,Headset mix,B,153.434,153.619,,,,,,,,
810,IS1000d,Headset mix,D,317.343,318.236,,,,,,,,
811,IS1001a,Headset mix,A,6.141,7.287,,,,,,,,
812,IS1001a,Headset mix,B,247.424,248.096,,,,,,,,
813,IS1001a,Headset mix,B,261.477,262.304,,,,,,,,
814,IS1001a,Headset mix,B,293.782,294.425,,,,,,,,
815,IS1001a,Headset mix,B,335.808,336.837,,,,,,,,
816,IS1001a,Headset mix,B,604.62,606.041,,,,,,,,
817,IS1001a,Headset mix,B,840.624,841.2,,,,,,,,
818,IS1001a,Headset mix,C,144.256,144.505,,,,,,,,
819,IS1001a,Headset mix,C,144.602,145.031,,,,,,,,
820,IS1001a,Headset mix,C,199.936,200.419,,,,,,,,
821,IS1001a,Headset mix,C,200.465,200.793,,,,,,,,
822,IS1001a,Headset mix,C,263.432,264.644,,,,,,,,
823,IS1001a,Headset mix,D,263.764,264.088,,,,,,,,
824,IS1001a,Headset mix,D,264.34,264.642,,,,,,,,
825,IS1001a,Headset mix,D,612.512,612.704,,,,,,,,
826,IS1001a,Headset mix,D,696.059,696.406,,,,,,,,
827,IS1001a,Headset mix,D,697.049,697.345,,,,,,,,
828,IS1001a,Headset mix,D,842.544,843.104,,,,,,,,
829,IS1001b,Headset mix,A,22.345,22.984,,,,,,,,
830,IS1001b,Headset mix,A,2100.686,2101.596,,,,,,,,
831,IS1001b,Headset mix,B,123.07,124.328,,,,,,,,
832,IS1001b,Headset mix,C,18.207,18.746,,,,,,,,
833,IS1001b,Headset mix,D,374.154,374.672,,,,,,,,
834,IS1001b,Headset mix,D,489.993,490.297,,,,,,,,
835,IS1001b,Headset mix,D,767.074,767.556,,,,,,,,
836,IS1001b,Headset mix,D,929.642,930.094,,,,,,,,
837,IS1001b,Headset mix,D,956.544,956.896,,,,,,,,
838,IS1001b,Headset mix,D,1139.87,1140.475,,,,,,,,
839,IS1001b,Headset mix,D,1141.416,1141.966,,,,,,,,
840,IS1001b,Headset mix,D,1214.422,1215.379,,,,,,,,
841,IS1001b,Headset mix,D,1243.737,1244.174,,,,,,,,
842,IS1001b,Headset mix,D,1244.302,1245.102,,,,,,,,
843,IS1001b,Headset mix,D,1296.561,1297.245,,,,,,,,
844,IS1001b,Headset mix,D,1375.003,1375.874,,,,,,,,
845,IS1001b,Headset mix,D,1376.274,1376.919,,,,,,,,
846,IS1001b,Headset mix,D,1589.511,1590.214,,,,,,,,
847,IS1001b,Headset mix,D,1590.331,1591.17,,,,,,,,
848,IS1001b,Headset mix,D,1676.999,1677.311,,,,,,,,
849,IS1001b,Headset mix,D,1677.363,1677.884,,,,,,,,
850,IS1001b,Headset mix,D,1678.578,1679.81,,,,,,,,
851,IS1001b,Headset mix,D,1773.296,1773.856,,,,,,,,
852,IS1001b,Headset mix,D,1846.24,1846.615,,,,,,,,
853,IS1001c,Headset mix,C,508.053,508.608,,,,,,,,
854,IS1001c,Headset mix,C,1064.227,1064.789,,,,,,,,
855,IS1001c,Headset mix,D,719.399,719.788,,,,,,,,
856,IS1001d,Headset mix,D,48.031,48.669,,,,,,,,
857,IS1001d,Headset mix,D,48.944,49.493,,,,,,,,
858,IS1001d,Headset mix,D,57.504,58.238,,,,,,,,
859,IS1001d,Headset mix,D,162.816,163.04,,,,,,,,
860,IS1001d,Headset mix,D,560.609,560.943,,,,,,,,
861,IS1001d,Headset mix,D,609.665,610.265,,,,,,,,
862,IS1002d,Headset mix,C,113.359,113.865,,,,,,,,
863,IS1003c,Headset mix,D,1295.099,1295.404,,,,,,,,
864,IS1003c,Headset mix,D,1295.411,1295.828,,,,,,,,
865,IS1003c,Headset mix,D,1295.151,1295.394,,,,,,,,
866,IS1003c,Headset mix,D,1295.402,1295.781,,,,,,,,
867,IS1003d,Headset mix,D,542.792,543.24,,,,,,,,
868,IS1003d,Headset mix,D,1205.436,1206.096,,,,,,,,
869,IS1004a,Headset mix,A,35.736,36.389,,,,,,,,
870,IS1004a,Headset mix,A,87.7,88.394,,,,,,,,
871,IS1004a,Headset mix,A,128.512,128.984,,,,,,,,
872,IS1004a,Headset mix,A,201.972,202.521,,,,,,,,
873,IS1004a,Headset mix,A,415.632,416.339,,,,,,,,
874,IS1004a,Headset mix,A,603.186,603.888,,,,,,,,
875,IS1004a,Headset mix,A,609.772,610.488,,,,,,,,
876,IS1004a,Headset mix,A,612.166,612.909,,,,,,,,
877,IS1004a,Headset mix,A,621.796,622.442,,,,,,,,
878,IS1004a,Headset mix,A,631.654,632.272,,,,,,,,
879,IS1004a,Headset mix,A,635.685,636.22,,,,,,,,
880,IS1004a,Headset mix,A,677.11,677.694,,,,,,,,
881,IS1004a,Headset mix,D,307.397,307.883,,,,,,,,
882,IS1004a,Headset mix,D,374.39,375.008,,,,,,,,
883,IS1004b,Headset mix,A,42.211,42.628,,,,,,,,
884,IS1004b,Headset mix,A,59.223,59.73,,,,,,,,
885,IS1004b,Headset mix,A,80.917,81.326,,,,,,,,
886,IS1004b,Headset mix,A,128.383,128.814,,,,,,,,
887,IS1004b,Headset mix,A,216.203,216.696,,,,,,,,
888,IS1004b,Headset mix,A,291.704,291.968,,,,,,,,
889,IS1004b,Headset mix,A,291.989,292.411,,,,,,,,
890,IS1004b,Headset mix,A,584.738,585.352,,,,,,,,
891,IS1004b,Headset mix,A,636.717,637.224,,,,,,,,
892,IS1004b,Headset mix,A,725.504,725.808,,,,,,,,
893,IS1004b,Headset mix,A,987.792,988.304,,,,,,,,
894,IS1004b,Headset mix,A,1129.025,1129.252,,,,,,,,
895,IS1004b,Headset mix,A,1129.252,1129.736,,,,,,,,
896,IS1004b,Headset mix,A,1178.704,1179.189,,,,,,,,
897,IS1004b,Headset mix,A,1242.528,1242.697,,,,,,,,
898,IS1004b,Headset mix,A,1242.709,1242.945,,,,,,,,
899,IS1004b,Headset mix,A,1273.512,1273.719,,,,,,,,
900,IS1004b,Headset mix,A,1273.726,1274,,,,,,,,
901,IS1004b,Headset mix,A,1327.245,1328.053,,,,,,,,
902,IS1004b,Headset mix,A,1545.045,1545.648,,,,,,,,
903,IS1004b,Headset mix,A,1561.19,1561.968,,,,,,,,
904,IS1004b,Headset mix,A,1609.412,1609.856,,,,,,,,
905,IS1004b,Headset mix,A,1652.342,1652.752,,,,,,,,
906,IS1004b,Headset mix,A,1928.027,1928.492,,,,,,,,
907,IS1004b,Headset mix,A,1959.952,1960.729,,,,,,,,
908,IS1004b,Headset mix,A,2008.083,2008.395,,,,,,,,
909,IS1004b,Headset mix,B,1582.366,1582.623,,,,,,,,
910,IS1004b,Headset mix,D,296.656,297.648,,,,,,,,
911,IS1004b,Headset mix,D,372.739,373.42,,,,,,,,
912,IS1004b,Headset mix,D,419.22,419.825,,,,,,,,
913,IS1004b,Headset mix,D,458.557,458.666,,,,,,,,
914,IS1004b,Headset mix,D,458.661,458.956,,,,,,,,
915,IS1004b,Headset mix,D,478.835,479.335,,,,,,,,
916,IS1004c,Headset mix,A,410.332,411.02,,,,,,,,
917,IS1004c,Headset mix,A,543.403,543.96,,,,,,,,
918,IS1004c,Headset mix,A,567.856,568.192,,,,,,,,
919,IS1004c,Headset mix,A,1010.601,1010.746,,,,,,,,
920,IS1004c,Headset mix,A,1010.753,1011.17,,,,,,,,
921,IS1004c,Headset mix,A,1195.695,1196.473,,,,,,,,
922,IS1004c,Headset mix,A,1292.048,1292.276,,,,,,,,
923,IS1004c,Headset mix,A,1292.276,1292.592,,,,,,,,
924,IS1004c,Headset mix,A,1852.448,1852.809,,,,,,,,
925,IS1004c,Headset mix,A,1860.081,1860.588,,,,,,,,
926,IS1004c,Headset mix,A,1905.965,1906.549,,,,,,,,
927,IS1004c,Headset mix,A,2020.16,2020.576,,,,,,,,
928,IS1004c,Headset mix,C,109.75,110.48,,,,,,,,
929,IS1004c,Headset mix,C,203.678,204.057,,,,,,,,
930,IS1004c,Headset mix,D,110.736,111.375,,,,,,,,
931,IS1004c,Headset mix,D,131.916,132.368,,,,,,,,
932,IS1004c,Headset mix,D,156.101,156.576,,,,,,,,
933,IS1004c,Headset mix,D,159.622,159.934,,,,,,,,
934,IS1004c,Headset mix,D,232.257,232.695,,,,,,,,
935,IS1004c,Headset mix,D,252.547,252.957,,,,,,,,
936,IS1004c,Headset mix,D,259.846,260.429,,,,,,,,
937,IS1004c,Headset mix,D,329.77,330.471,,,,,,,,
938,IS1004c,Headset mix,D,451.356,452.05,,,,,,,,
939,IS1004c,Headset mix,D,611.675,612.182,,,,,,,,
940,IS1004d,Headset mix,A,3.429,4.16,,,,,,,,
941,IS1004d,Headset mix,A,41.976,42.719,,,,,,,,
942,IS1004d,Headset mix,A,598.491,598.745,,,,,,,,
943,IS1004d,Headset mix,A,598.753,599.284,,,,,,,,
944,IS1004d,Headset mix,A,620.624,620.89,,,,,,,,
945,IS1004d,Headset mix,A,620.907,621.415,,,,,,,,
946,IS1004d,Headset mix,A,844.174,845.08,,,,,,,,
947,IS1004d,Headset mix,A,1196.04,1196.207,,,,,,,,
948,IS1004d,Headset mix,A,1196.276,1196.648,,,,,,,,
949,IS1004d,Headset mix,A,1272.87,1273.059,,,,,,,,
950,IS1004d,Headset mix,A,1273.084,1273.46,,,,,,,,
951,IS1004d,Headset mix,A,1300.122,1300.51,,,,,,,,
952,IS1004d,Headset mix,A,1620.608,1621.72,,,,,,,,
953,IS1004d,Headset mix,A,1785.16,1785.396,,,,,,,,
954,IS1004d,Headset mix,D,14.928,15.491,,,,,,,,
955,IS1004d,Headset mix,D,634.22,634.707,,,,,,,,
956,IS1004d,Headset mix,D,700.001,700.296,,,,,,,,
957,IS1004d,Headset mix,D,1237.224,1237.696,,,,,,,,
958,IS1005b,Headset mix,A,17.809,18.436,,,,,,,,
959,IS1005b,Headset mix,D,155.8,156.241,,,,,,,,
960,IS1005b,Headset mix,D,313.034,313.361,,,,,,,,
961,IS1005b,Headset mix,D,397.967,398.328,,,,,,,,
962,IS1005c,Headset mix,A,1454.383,1454.82,,,,,,,,
963,IS1005c,Headset mix,D,151.56,151.914,,,,,,,,
964,IS1005c,Headset mix,D,199.75,200.139,,,,,,,,
965,IS1005c,Headset mix,D,899.242,899.633,,,,,,,,
966,IS1006a,Headset mix,A,43.955,44.11,,,,,,,,
967,IS1006a,Headset mix,A,44.122,44.678,,,,,,,,
968,IS1006a,Headset mix,A,462.161,462.363,,,,,,,,
969,IS1006a,Headset mix,A,462.394,462.963,,,,,,,,
970,IS1006a,Headset mix,A,723.518,723.957,,,,,,,,
971,IS1006a,Headset mix,C,250.71,251.151,,,,,,,,
972,IS1006a,Headset mix,C,493.935,494.485,,,,,,,,
973,IS1006a,Headset mix,C,494.529,495.029,,,,,,,,
974,IS1006a,Headset mix,D,44.814,45.095,,,,,,,,
975,IS1006a,Headset mix,D,45.368,46.036,,,,,,,,
976,IS1006a,Headset mix,D,80.672,81.12,,,,,,,,
977,IS1006a,Headset mix,D,81.147,82.032,,,,,,,,
978,IS1006a,Headset mix,D,467.295,467.635,,,,,,,,
979,IS1006a,Headset mix,D,467.725,468.204,,,,,,,,
980,IS1006b,Headset mix,A,539.629,539.912,,,,,,,,
981,IS1006b,Headset mix,A,540.059,540.566,,,,,,,,
982,IS1006b,Headset mix,A,1037.52,1038.176,,,,,,,,
983,IS1006b,Headset mix,A,1298.042,1298.73,,,,,,,,
984,IS1006b,Headset mix,A,2115.578,2115.987,,,,,,,,
985,IS1006b,Headset mix,C,1607.919,1608.419,,,,,,,,
986,IS1006b,Headset mix,D,1990.599,1991.157,,,,,,,,
987,IS1006b,Headset mix,D,1991.547,1992.706,,,,,,,,
988,IS1006c,Headset mix,A,139.939,140.088,,,,,,,,
989,IS1006c,Headset mix,A,140.088,140.266,,,,,,,,
990,IS1006c,Headset mix,A,140.293,140.711,,,,,,,,
991,IS1006c,Headset mix,A,592.083,592.23,,,,,,,,
992,IS1006c,Headset mix,A,592.219,592.565,,,,,,,,
993,IS1006c,Headset mix,A,1138.686,1138.993,,,,,,,,
994,IS1006c,Headset mix,A,1138.984,1139.506,,,,,,,,
995,IS1006c,Headset mix,A,1407.251,1407.946,,,,,,,,
996,IS1006c,Headset mix,A,1581.61,1581.763,,,,,,,,
997,IS1006c,Headset mix,A,1581.786,1582.364,,,,,,,,
998,IS1006c,Headset mix,B,596.179,596.567,,,,,,,,
999,IS1006c,Headset mix,B,698.14,699.246,,,,,,,,
1000,IS1006c,Headset mix,D,318.074,318.621,,,,,,,,
1001,IS1006c,Headset mix,D,326.752,327.303,,,,,,,,
1002,IS1006c,Headset mix,D,555.927,556.25,,,,,,,,
1003,IS1006c,Headset mix,D,556.453,557.082,,,,,,,,
1004,IS1006c,Headset mix,D,1639.89,1640.515,,,,,,,,
1005,IS1006d,Headset mix,A,171.158,171.972,,,,,,,,
1006,IS1006d,Headset mix,A,293.134,293.407,,,,,,,,
1007,IS1006d,Headset mix,A,293.433,294.041,,,,,,,,
1008,IS1006d,Headset mix,A,819.843,820.155,,,,,,,,
1009,IS1006d,Headset mix,A,820.127,821.091,,,,,,,,
1010,IS1006d,Headset mix,A,1611.627,1612.255,,,,,,,,
1011,IS1006d,Headset mix,B,465.984,466.635,,,,,,,,
1012,IS1006d,Headset mix,B,491.952,492.258,,,,,,,,
1013,IS1006d,Headset mix,C,30.645,31.094,,,,,,,,
1014,IS1006d,Headset mix,C,340.2,340.64,,,,,,,,
1015,IS1006d,Headset mix,C,494.135,494.768,,,,,,,,
1016,IS1006d,Headset mix,C,505.967,506.462,,,,,,,,
1017,IS1006d,Headset mix,D,211.066,211.701,,,,,,,,
1018,IS1006d,Headset mix,D,509.763,510.081,,,,,,,,
1019,IS1006d,Headset mix,D,510.163,510.451,,,,,,,,
1020,IS1006d,Headset mix,D,510.482,511.05,,,,,,,,
1021,IS1006d,Headset mix,D,816.863,817.28,,,,,,,,
1022,IS1006d,Headset mix,D,934.491,934.783,,,,,,,,
1023,IS1006d,Headset mix,D,978.851,979.449,,,,,,,,
1024,IS1006d,Headset mix,D,1118.447,1119.124,,,,,,,,
1025,IS1006d,Headset mix,D,1119.199,1120.036,,,,,,,,
1026,IS1006d,Headset mix,D,1240.269,1240.74,,,,,,,,
1027,IS1006d,Headset mix,D,1251.096,1251.441,,,,,,,,
1028,IS1006d,Headset mix,D,1251.892,1252.49,,,,,,,,
1029,IS1006d,Headset mix,D,1288.104,1288.369,,,,,,,,
1030,IS1006d,Headset mix,D,1288.377,1288.717,,,,,,,,
1031,IS1006d,Headset mix,D,1289.152,1289.804,,,,,,,,
1032,IS1006d,Headset mix,D,1382.057,1383.062,,,,,,,,
1033,IS1006d,Headset mix,D,1398.938,1399.382,,,,,,,,
1034,IS1006d,Headset mix,D,1399.361,1399.966,,,,,,,,
1035,IS1006d,Headset mix,D,1456.662,1456.916,,,,,,,,
1036,IS1006d,Headset mix,D,1456.916,1457.13,,,,,,,,
1037,IS1006d,Headset mix,D,1457.111,1457.618,,,,,,,,
1038,IS1006d,Headset mix,D,1457.754,1458.427,,,,,,,,
1039,IS1006d,Headset mix,D,1574.492,1574.813,,,,,,,,
1040,IS1006d,Headset mix,D,1574.803,1575.085,,,,,,,,
1041,IS1006d,Headset mix,D,1575.25,1576.028,,,,,,,,
1042,IS1006d,Headset mix,D,1619.2,1619.841,,,,,,,,
1043,IS1006d,Headset mix,D,1620.068,1620.68,,,,,,,,
1044,IS1006d,Headset mix,D,1649.668,1650.14,,,,,,,,
1045,IS1006d,Headset mix,D,1650.223,1651.001,,,,,,,,
1046,IS1006d,Headset mix,D,1733.646,1734.014,,,,,,,,
1047,IS1007a,Headset mix,B,137.342,137.578,,,,,,,,
1048,IS1007a,Headset mix,B,137.689,138.217,,,,,,,,
1049,IS1007a,Headset mix,B,430.52,430.811,,,,,,,,
1050,IS1007a,Headset mix,B,430.902,431.374,,,,,,,,
1051,IS1007b,Headset mix,B,43.856,44.128,,,,,,,,
1052,IS1007b,Headset mix,B,64.358,64.844,,,,,,,,
1053,IS1007b,Headset mix,B,109.12,109.456,,,,,,,,
1054,IS1007b,Headset mix,B,225.89,226.816,,,,,,,,
1055,IS1007b,Headset mix,B,299.104,299.312,,,,,,,,
1056,IS1007c,Headset mix,B,367.099,367.398,,,,,,,,
1057,IS1007c,Headset mix,B,367.412,367.974,,,,,,,,
1058,IS1007c,Headset mix,B,394.055,394.492,,,,,,,,
1059,IS1007c,Headset mix,B,504.72,505.184,,,,,,,,
1060,IS1007c,Headset mix,B,1007.572,1007.967,,,,,,,,
1061,IS1007c,Headset mix,D,950.777,950.973,,,,,,,,
1062,IS1007c,Headset mix,D,951.038,951.451,,,,,,,,
1063,IS1007d,Headset mix,B,97.857,98.183,,,,,,,,
1064,IS1007d,Headset mix,B,108.048,108.448,,,,,,,,
1065,IS1007d,Headset mix,B,116.792,117.216,,,,,,,,
1066,IS1007d,Headset mix,B,221.387,221.93,,,,,,,,
1067,IS1007d,Headset mix,B,235.403,235.806,,,,,,,,
1068,IS1007d,Headset mix,B,308.142,308.507,,,,,,,,
1069,IS1007d,Headset mix,B,308.481,309.158,,,,,,,,
1070,IS1007d,Headset mix,B,535.692,536.138,,,,,,,,
1071,IS1007d,Headset mix,B,620.385,620.811,,,,,,,,
1072,IS1007d,Headset mix,B,638.052,638.552,,,,,,,,
1073,IS1007d,Headset mix,B,723.153,723.4,,,,,,,,
1074,IS1007d,Headset mix,B,783.675,783.967,,,,,,,,
1075,IS1007d,Headset mix,B,864.815,865.176,,,,,,,,
1076,IS1007d,Headset mix,B,898.968,899.405,,,,,,,,
1077,IS1007d,Headset mix,B,899.423,900.165,,,,,,,,
1078,IS1007d,Headset mix,B,946.559,947.33,,,,,,,,
1079,IS1007d,Headset mix,B,1003.572,1003.912,,,,,,,,
1080,IS1007d,Headset mix,B,1004.051,1004.516,,,,,,,,
1081,IS1007d,Headset mix,B,1021.491,1021.887,,,,,,,,
1082,IS1007d,Headset mix,B,1052.848,1053.136,,,,,,,,
1083,IS1007d,Headset mix,B,1097.528,1097.958,,,,,,,,
1084,IS1007d,Headset mix,B,1164.927,1165.344,,,,,,,,
1085,IS1007d,Headset mix,B,1176.647,1177.175,,,,,,,,
1086,IS1007d,Headset mix,B,1190.6,1190.947,,,,,,,,
1087,IS1007d,Headset mix,B,1191.121,1191.628,,,,,,,,
1088,IS1007d,Headset mix,B,1201.559,1201.793,,,,,,,,
1089,IS1007d,Headset mix,B,1201.833,1202.125,,,,,,,,
1090,IS1007d,Headset mix,B,1205.373,1206.082,,,,,,,,
1091,IS1007d,Headset mix,B,1225.964,1226.318,,,,,,,,
1092,IS1007d,Headset mix,B,1264.054,1264.365,,,,,,,,
1093,IS1007d,Headset mix,B,1354.357,1354.552,,,,,,,,
1094,IS1007d,Headset mix,B,1374.959,1375.867,,,,,,,,
1095,IS1007d,Headset mix,B,1383.335,1383.876,,,,,,,,
1096,IS1007d,Headset mix,B,1385.509,1386.266,,,,,,,,
1097,IS1007d,Headset mix,B,1395.753,1396.211,,,,,,,,
1098,IS1007d,Headset mix,B,1413.743,1413.954,,,,,,,,
1099,IS1007d,Headset mix,B,1413.969,1414.262,,,,,,,,
1100,IS1007d,Headset mix,B,1432.159,1432.572,,,,,,,,
1101,IS1007d,Headset mix,B,1433.685,1433.984,,,,,,,,
1102,IS1007d,Headset mix,B,1445.378,1445.67,,,,,,,,
1103,IS1007d,Headset mix,B,1446.486,1446.995,,,,,,,,
1104,IS1007d,Headset mix,B,1477.102,1477.373,,,,,,,,
1105,IS1007d,Headset mix,B,1504.748,1505.29,,,,,,,,
1106,IS1007d,Headset mix,B,1597.268,1597.504,,,,,,,,
1107,IS1007d,Headset mix,B,1643.62,1644.023,,,,,,,,
1108,IS1007d,Headset mix,B,1676.796,1677.222,,,,,,,,
1109,IS1007d,Headset mix,B,1677.435,1677.843,,,,,,,,
1110,IS1007d,Headset mix,B,1683.452,1683.704,,,,,,,,
1111,IS1007d,Headset mix,B,1683.746,1684.351,,,,,,,,
1112,IS1007d,Headset mix,B,1857.672,1858.047,,,,,,,,
1113,IS1007d,Headset mix,B,1861.411,1861.738,,,,,,,,
1114,IS1007d,Headset mix,B,1978.822,1979.036,,,,,,,,
1115,IS1007d,Headset mix,B,1979.065,1979.515,,,,,,,,
1116,IS1007d,Headset mix,C,42.413,42.871,,,,,,,,
1117,IS1007d,Headset mix,D,553.52,554.101,,,,,,,,
1118,IS1008b,Headset mix,A,200.371,200.882,,,,,,,,
1119,IS1008b,Headset mix,A,208.764,208.901,,,,,,,,
1120,IS1008b,Headset mix,A,208.907,209.199,,,,,,,,
1121,IS1008b,Headset mix,A,232.097,232.605,,,,,,,,
1122,IS1008b,Headset mix,A,266.628,267,,,,,,,,
1123,IS1008b,Headset mix,A,309.254,309.796,,,,,,,,
1124,IS1008b,Headset mix,A,427.668,428.062,,,,,,,,
1125,IS1008b,Headset mix,A,552.947,553.354,,,,,,,,
1126,IS1008b,Headset mix,A,778.725,779.055,,,,,,,,
1127,IS1008b,Headset mix,A,837.579,838.43,,,,,,,,
1128,IS1008b,Headset mix,A,863.133,863.808,,,,,,,,
1129,IS1008b,Headset mix,A,900.242,900.621,,,,,,,,
1130,IS1008c,Headset mix,A,135.896,136.165,,,,,,,,
1131,IS1008c,Headset mix,A,144.246,144.579,,,,,,,,
1132,IS1008c,Headset mix,A,160.808,161.145,,,,,,,,
1133,IS1008c,Headset mix,A,791.103,791.256,,,,,,,,
1134,IS1008c,Headset mix,A,791.279,791.723,,,,,,,,
1135,IS1008c,Headset mix,A,838.807,839.245,,,,,,,,
1136,IS1008c,Headset mix,A,1127.311,1127.57,,,,,,,,
1137,IS1008c,Headset mix,D,1160.404,1160.769,,,,,,,,
1138,IS1008d,Headset mix,A,370.789,371.324,,,,,,,,
1139,IS1008d,Headset mix,A,658.101,658.486,,,,,,,,
1140,IS1008d,Headset mix,A,735.354,736.006,,,,,,,,
1141,IS1008d,Headset mix,A,765.76,766.223,,,,,,,,
1142,IS1008d,Headset mix,D,1436.369,1436.925,,,,,,,,
1143,IS1009a,Headset mix,D,162.992,163.392,,,,,,,,
1144,IS1009a,Headset mix,D,287.296,288.16,,,,,,,,
1145,IS1009b,Headset mix,A,310.147,310.259,,,,,,,,
1146,IS1009b,Headset mix,A,310.275,310.529,,,,,,,,
1147,IS1009b,Headset mix,D,235.312,235.756,,,,,,,,
1148,IS1009b,Headset mix,D,320.594,321.142,,,,,,,,
1149,IS1009b,Headset mix,D,362.968,363.365,,,,,,,,
1150,IS1009b,Headset mix,D,601.86,602.712,,,,,,,,
1151,IS1009b,Headset mix,D,1028.772,1029.327,,,,,,,,
1152,IS1009b,Headset mix,D,1239.408,1239.712,,,,,,,,
1153,IS1009c,Headset mix,D,264.926,265.586,,,,,,,,
1154,IS1009c,Headset mix,D,667.585,667.931,,,,,,,,
1155,IS1009c,Headset mix,D,1378.816,1379.248,,,,,,,,
1156,IS1009c,Headset mix,D,1451.818,1452.27,,,,,,,,
1157,IS1009c,Headset mix,D,1517.088,1517.392,,,,,,,,
1158,TS3003a,Headset mix,A,848.615,849.281,,,,,,,,
1159,TS3003a,Headset mix,D,144.339,145.021,,,,,,,,
1160,TS3003a,Headset mix,D,143.824,144.331,,,,,,,,
1161,TS3003a,Headset mix,D,329.941,330.475,,,,,,,,
1162,TS3003a,Headset mix,D,496.623,497.292,,,,,,,,
1163,TS3003a,Headset mix,D,1112.497,1112.999,,,,,,,,
1164,TS3003a,Headset mix,D,1251.519,1252.097,,,,,,,,
1165,TS3003a,Headset mix,D,1364.597,1365.067,,,,,,,,
1166,TS3003b,Headset mix,A,199.142,199.769,,,,,,,,
1167,TS3003b,Headset mix,A,553.991,554.636,,,,,,,,
1168,TS3003b,Headset mix,A,908.663,909.303,,,,,,,,
1169,TS3003b,Headset mix,D,185.758,186.566,,,,,,,,
1170,TS3003b,Headset mix,D,552.664,553.512,,,,,,,,
1171,TS3003b,Headset mix,D,1031.598,1032.53,,,,,,,,
1172,TS3003b,Headset mix,D,1232.343,1232.752,,,,,,,,
1173,TS3003b,Headset mix,D,1420.883,1421.668,,,,,,,,
1174,TS3003b,Headset mix,D,1796.625,1797.365,,,,,,,,
1175,TS3003b,Headset mix,D,2104.004,2104.884,,,,,,,,
1176,TS3003c,Headset mix,A,462.981,463.587,,,,,,,,
1177,TS3003c,Headset mix,A,797.454,797.947,,,,,,,,
1178,TS3003c,Headset mix,D,933.492,934.267,,,,,,,,
1179,TS3003c,Headset mix,D,1076.312,1077.271,,,,,,,,
1180,TS3003c,Headset mix,D,1372.219,1373.087,,,,,,,,
1181,TS3003c,Headset mix,D,1602.624,1603.424,,,,,,,,
1182,TS3003c,Headset mix,D,1815.328,1816.272,,,,,,,,
1183,TS3003d,Headset mix,B,1949.073,1949.737,,,,,,,,
1184,TS3003d,Headset mix,D,208.193,208.603,,,,,,,,
1185,TS3003d,Headset mix,D,444.288,445.104,,,,,,,,
1186,TS3003d,Headset mix,D,791.54,792.427,,,,,,,,
1187,TS3003d,Headset mix,D,863.94,865.164,,,,,,,,
1188,TS3003d,Headset mix,D,996.601,997.766,,,,,,,,
1189,TS3003d,Headset mix,D,1193.217,1193.835,,,,,,,,
1190,TS3003d,Headset mix,D,1452.31,1452.824,,,,,,,,
1191,TS3003d,Headset mix,D,1684.408,1685.018,,,,,,,,
1192,TS3003d,Headset mix,D,1976.823,1977.908,,,,,,,,
1193,TS3003d,Headset mix,D,2204.644,2205.837,,,,,,,,
1194,TS3003d,Headset mix,D,2426.384,2426.807,,,,,,,,
1195,TS3004a,Headset mix,A,1047.977,1048.768,,,,,,,,
1196,TS3004b,Headset mix,A,467.815,468.032,,,,,,,,
1197,TS3004b,Headset mix,A,468.073,468.324,,,,,,,,
1198,TS3004b,Headset mix,A,468.333,468.533,,,,,,,,
1199,TS3004b,Headset mix,A,1489.632,1490.171,,,,,,,,
1200,TS3004b,Headset mix,A,1490.163,1490.61,,,,,,,,
1201,TS3004b,Headset mix,B,1815.333,1815.847,,,,,,,,
1202,TS3004c,Headset mix,A,449.072,449.95,,,,,,,,
1203,TS3004c,Headset mix,A,754.369,754.949,,,,,,,,
1204,TS3004c,Headset mix,A,1308.234,1309.138,,,,,,,,
1205,TS3004d,Headset mix,A,515.908,516.245,,,,,,,,
1206,TS3004d,Headset mix,A,516.28,516.885,,,,,,,,
1207,TS3004d,Headset mix,A,596.639,596.879,,,,,,,,
1208,TS3004d,Headset mix,A,596.879,597.434,,,,,,,,
1209,TS3004d,Headset mix,A,1068.232,1068.796,,,,,,,,
1210,TS3004d,Headset mix,D,2719.868,2720.667,,,,,,,,
1211,TS3005b,Headset mix,B,1502.795,1503.177,,,,,,,,
1212,TS3005b,Headset mix,D,428.117,428.561,,,,,,,,
1213,TS3005b,Headset mix,D,428.595,428.944,,,,,,,,
1214,TS3005c,Headset mix,D,790.257,790.687,,,,,,,,
1215,TS3005c,Headset mix,D,790.708,791.014,,,,,,,,
1216,TS3005d,Headset mix,C,2194.194,2194.694,,,,,,,,
1217,TS3005d,Headset mix,D,2028.818,2029.039,,,,,,,,
1218,TS3005d,Headset mix,D,2029.122,2029.375,,,,,,,,
1219,TS3006a,Headset mix,B,124.523,124.965,,,,,,,,
1220,TS3006a,Headset mix,B,204.926,205.709,,,,,,,,
1221,TS3006a,Headset mix,B,342.812,343.578,,,,,,,,
1222,TS3006a,Headset mix,B,371.395,371.816,,,,,,,,
1223,TS3006a,Headset mix,B,901.534,901.916,,,,,,,,
1224,TS3006a,Headset mix,D,266.695,267.444,,,,,,,,
1225,TS3006b,Headset mix,A,1616.202,1616.647,,,,,,,,
1226,TS3006b,Headset mix,D,231.034,231.931,,,,,,,,
1227,TS3006c,Headset mix,A,2320.191,2320.721,,,,,,,,
1228,TS3006c,Headset mix,A,2456.612,2457.562,,,,,,,,
1229,TS3006c,Headset mix,B,129.59,129.881,,,,,,,,
1230,TS3006c,Headset mix,B,129.962,130.867,,,,,,,,
1231,TS3006c,Headset mix,B,177.006,177.435,,,,,,,,
1232,TS3006c,Headset mix,B,707.932,708.268,,,,,,,,
1233,TS3006c,Headset mix,D,88.379,88.915,,,,,,,,
1234,TS3006c,Headset mix,D,175.26,175.774,,,,,,,,
1235,TS3006c,Headset mix,D,403.587,403.919,,,,,,,,
1236,TS3006c,Headset mix,D,403.981,404.279,,,,,,,,
1237,TS3006c,Headset mix,D,1390.244,1390.513,,,,,,,,
1238,TS3006c,Headset mix,D,1390.537,1390.861,,,,,,,,
1239,TS3006d,Headset mix,A,47.592,48.389,,,,,,,,
1240,TS3006d,Headset mix,A,112.297,112.811,,,,,,,,
1241,TS3006d,Headset mix,A,177.78,178.655,,,,,,,,
1242,TS3006d,Headset mix,A,357.513,358.145,,,,,,,,
1243,TS3006d,Headset mix,A,2536.38,2536.797,,,,,,,,
1244,TS3006d,Headset mix,B,1346.136,1346.583,,,,,,,,
1245,TS3006d,Headset mix,B,1594.646,1595.019,,,,,,,,
1246,TS3006d,Headset mix,D,580.647,581.356,,,,,,,,
1247,TS3006d,Headset mix,D,620.121,620.587,,,,,,,,
1248,TS3007a,Headset mix,B,395.978,396.193,,,,,,,,
1249,TS3007a,Headset mix,B,428.861,429.771,,,,,,,,
1250,TS3007a,Headset mix,D,319.976,320.538,,,,,,,,
1251,TS3007a,Headset mix,D,767.604,767.844,,,,,,,,
1252,TS3007a,Headset mix,D,767.887,768.589,,,,,,,,
1253,TS3007a,Headset mix,D,872.198,872.621,,,,,,,,
1254,TS3007b,Headset mix,A,1029.73,1030.402,,,,,,,,
1255,TS3007b,Headset mix,A,2569.26,2569.589,,,,,,,,
1256,TS3007b,Headset mix,A,2569.599,2570.59,,,,,,,,
1257,TS3007b,Headset mix,D,193.744,194.048,,,,,,,,
1258,TS3007b,Headset mix,D,331.707,332.416,,,,,,,,
1259,TS3007c,Headset mix,B,94.083,94.59,,,,,,,,
1260,TS3007c,Headset mix,B,453.758,454.35,,,,,,,,
1261,TS3007c,Headset mix,D,233.714,234.094,,,,,,,,
1262,TS3007c,Headset mix,D,234.12,234.387,,,,,,,,
1263,TS3007c,Headset mix,D,763.089,763.829,,,,,,,,
1264,TS3007c,Headset mix,D,771.352,771.736,,,,,,,,
1265,TS3007c,Headset mix,D,775.711,776.726,,,,,,,,
1266,TS3007c,Headset mix,D,777.043,777.858,,,,,,,,
1267,TS3007c,Headset mix,D,797.864,798.364,,,,,,,,
1268,TS3007c,Headset mix,D,1206.146,1206.99,,,,,,,,
1269,TS3007d,Headset mix,A,1100.213,1101.174,,,,,,,,
1270,TS3007d,Headset mix,A,1241.47,1242.025,,,,,,,,
1271,TS3007d,Headset mix,D,154.835,155.613,,,,,,,,
1272,TS3007d,Headset mix,D,154.863,155.488,,,,,,,,
1273,TS3007d,Headset mix,D,1100.089,1100.975,,,,,,,,
1274,TS3007d,Headset mix,D,1774.819,1775.601,,,,,,,,
1275,TS3007d,Headset mix,D,1775.256,1775.656,,,,,,,,
1276,TS3008a,Headset mix,B,134.185,134.608,,,,,,,,
1277,TS3008a,Headset mix,B,230.25,230.591,,,,,,,,
1278,TS3008a,Headset mix,B,230.636,230.931,,,,,,,,
1279,TS3008b,Headset mix,C,1051.603,1052.094,,,,,,,,
1280,TS3008c,Headset mix,B,831.665,832.373,,,,,,,,
1281,TS3008c,Headset mix,B,1971.685,1972.095,,,,,,,,
1282,TS3008c,Headset mix,D,556.503,557.211,,,,,,,,
1283,TS3008d,Headset mix,A,188.406,189.414,,,,,,,,
1284,TS3009a,Headset mix,A,108.834,109.207,,,,,,,,
1285,TS3009a,Headset mix,A,401.078,401.515,,,,,,,,
1286,TS3009a,Headset mix,A,683.366,683.623,,,,,,,,
1287,TS3009a,Headset mix,A,683.645,683.846,,,,,,,,
1288,TS3009a,Headset mix,A,1139.125,1139.843,,,,,,,,
1289,TS3009a,Headset mix,A,1139.834,1140.304,,,,,,,,
1290,TS3009a,Headset mix,B,1164.288,1164.496,,,,,,,,
1291,TS3009a,Headset mix,C,1475.083,1475.409,,,,,,,,
1292,TS3009a,Headset mix,D,129.409,130.357,,,,,,,,
1293,TS3009b,Headset mix,B,424.656,425.008,,,,,,,,
1294,TS3009c,Headset mix,A,1949.054,1949.533,,,,,,,,
1295,TS3009c,Headset mix,A,1949.061,1949.491,,,,,,,,
1296,TS3009c,Headset mix,A,2038.331,2038.803,,,,,,,,
1297,TS3009c,Headset mix,A,2319.916,2320.368,,,,,,,,
1298,TS3009c,Headset mix,A,2320.456,2320.928,,,,,,,,
1299,TS3009c,Headset mix,A,2321.144,2321.772,,,,,,,,
1300,TS3009c,Headset mix,A,2442.164,2442.614,,,,,,,,
1301,TS3009c,Headset mix,A,2442.686,2443.006,,,,,,,,
1302,TS3009c,Headset mix,B,1183.95,1184.276,,,,,,,,
1303,TS3009c,Headset mix,C,1609.584,1609.968,,,,,,,,
1304,TS3009d,Headset mix,C,214.14,214.489,,,,,,,,
1305,TS3010a,Headset mix,C,54.625,55.038,,,,,,,,
1306,TS3010a,Headset mix,C,55.038,55.381,,,,,,,,
1307,TS3010a,Headset mix,C,55.431,55.739,,,,,,,,
1308,TS3010a,Headset mix,C,837.143,837.804,,,,,,,,
1309,TS3010a,Headset mix,C,837.807,838.206,,,,,,,,
1310,TS3010b,Headset mix,C,1299.825,1300.555,,,,,,,,
1311,TS3010b,Headset mix,C,1300.574,1300.882,,,,,,,,
1312,TS3010b,Headset mix,C,1300.915,1301.38,,,,,,,,
1313,TS3011a,Headset mix,C,629.616,630.412,,,,,,,,
1314,TS3011a,Headset mix,C,987.258,987.592,,,,,,,,
1315,TS3011a,Headset mix,C,987.676,988.177,,,,,,,,
1316,TS3011a,Headset mix,C,1110.571,1111.098,,,,,,,,
1317,TS3011a,Headset mix,C,1138.062,1138.423,,,,,,,,
1318,TS3011a,Headset mix,C,1138.464,1138.888,,,,,,,,
1319,TS3011a,Headset mix,D,88.523,89.045,,,,,,,,
1320,TS3011a,Headset mix,D,89.367,89.767,,,,,,,,
1321,TS3011b,Headset mix,C,35.095,35.69,,,,,,,,
1322,TS3011b,Headset mix,C,397.796,398.475,,,,,,,,
1323,TS3011b,Headset mix,C,413.552,414.052,,,,,,,,
1324,TS3011b,Headset mix,C,547.037,547.49,,,,,,,,
1325,TS3011b,Headset mix,C,547.49,548.185,,,,,,,,
1326,TS3011b,Headset mix,C,697.125,697.786,,,,,,,,
1327,TS3011b,Headset mix,C,1864.688,1865.353,,,,,,,,
1328,TS3011b,Headset mix,D,671.012,671.456,,,,,,,,
1329,TS3011b,Headset mix,D,1784.2,1784.714,,,,,,,,
1330,TS3011c,Headset mix,A,2311.046,2311.222,,,,,,,,
1331,TS3011c,Headset mix,A,2311.236,2311.57,,,,,,,,
1332,TS3011c,Headset mix,C,202.913,203.692,,,,,,,,
1333,TS3011c,Headset mix,C,242.362,242.935,,,,,,,,
1334,TS3011c,Headset mix,C,353.425,353.989,,,,,,,,
1335,TS3011c,Headset mix,C,354.045,354.675,,,,,,,,
1336,TS3011c,Headset mix,C,415.228,415.517,,,,,,,,
1337,TS3011c,Headset mix,C,415.603,416.072,,,,,,,,
1338,TS3011c,Headset mix,C,503.392,503.84,,,,,,,,
1339,TS3011c,Headset mix,C,677.059,677.567,,,,,,,,
1340,TS3011c,Headset mix,C,677.557,678.526,,,,,,,,
1341,TS3011c,Headset mix,C,714.673,715.068,,,,,,,,
1342,TS3011c,Headset mix,C,715.111,715.687,,,,,,,,
1343,TS3011c,Headset mix,C,2311.05,2311.633,,,,,,,,
1344,TS3011c,Headset mix,C,2311.651,2312.306,,,,,,,,
1345,TS3011c,Headset mix,D,194.185,194.819,,,,,,,,
1346,TS3011c,Headset mix,D,713.388,713.845,,,,,,,,
1347,TS3011c,Headset mix,D,1690.169,1691.333,,,,,,,,
1348,TS3011d,Headset mix,C,668.708,669.403,,,,,,,,
1349,TS3011d,Headset mix,C,720.5,721.375,,,,,,,,
1350,TS3011d,Headset mix,C,767.632,768.368,,,,,,,,
1351,TS3011d,Headset mix,C,1183.296,1183.991,,,,,,,,
1352,TS3011d,Headset mix,C,1581.518,1582.113,,,,,,,,
1353,TS3011d,Headset mix,C,1643.559,1643.968,,,,,,,,
1354,TS3011d,Headset mix,C,2020.285,2020.965,,,,,,,,
1355,TS3011d,Headset mix,C,2126.648,2127.135,,,,,,,,
1356,TS3012a,Headset mix,C,248.524,249.276,,,,,,,,
1357,TS3012a,Headset mix,D,43.222,43.549,,,,,,,,
1358,TS3012b,Headset mix,A,582.51,583.258,,,,,,,,
1359,TS3012b,Headset mix,A,1209.28,1209.818,,,,,,,,
1360,TS3012b,Headset mix,A,1565.188,1565.745,,,,,,,,
1361,TS3012b,Headset mix,A,1813.128,1813.628,,,,,,,,
1362,TS3012b,Headset mix,D,40.616,41.223,,,,,,,,
1363,TS3012b,Headset mix,D,1736.144,1736.727,,,,,,,,
1364,TS3012c,Headset mix,A,201.613,202.477,,,,,,,,
1365,TS3012c,Headset mix,A,1609.908,1610.262,,,,,,,,
1366,TS3012c,Headset mix,A,2152.469,2152.927,,,,,,,,
1367,TS3012c,Headset mix,C,601.664,602.048,,,,,,,,
1368,TS3012d,Headset mix,A,2320.478,2321.246,,,,,,,,
1369,TS3012d,Headset mix,B,2094.433,2095.149,,,,,,,,