File number,Meeting ID,Microphone,Speaker ID,Start,End,Cough,Volume,Type,Volley,Background,Comment
1,EN2001a,Headset mix,A,3098.54,3100.97,0,loud,click,0,0,unusual bang noise
2,EN2001a,Headset mix,A,3133.138,3135.607,1,medium,wet,0,1,
3,EN2001a,Headset mix,A,3133.692,3136.171,1,medium,wet,0,1,
4,EN2001a,Headset mix,C,718.308,720.884,0,quiet,throat clear,0,1,
5,EN2001a,Headset mix,C,803.267,806.176,0,loud,speech,0,,
6,EN2001a,Headset mix,C,932.694,935.365,0,,,,,
7,EN2001a,Headset mix,C,972.548,975.519,0,quiet ,hum,0,1,
8,EN2001a,Headset mix,C,1557.173,1559.399,,,,,,
9,EN2001a,Headset mix,C,1557.399,1559.719,,,,,,
10,EN2001a,Headset mix,C,1604.186,1606.811,,,,,,
11,EN2001a,Headset mix,C,1707.224,1709.881,0,quiet,room noise,0,0,
12,EN2001a,Headset mix,C,1730.749,1733.82,0,quiet,throat clear,0,1,
13,EN2001a,Headset mix,C,2105.144,2107.385,,,,,,
14,EN2001a,Headset mix,C,2105.41,2108.512,0,medium,throat clear,,0,
15,EN2001a,Headset mix,C,2236.078,2238.252,0,medium,throat clear,,0,
16,EN2001a,Headset mix,C,2236.266,2238.606,0,medium,throat clear,0,0,
17,EN2001a,Headset mix,C,2620.956,2623.777,0,medium,throat clear,0,1,
18,EN2001a,Headset mix,C,2627.6,2629.934,0,loud,throat clear,0,0,close call
19,EN2001a,Headset mix,C,2627.934,2630.26,0,medium,throat clear,0,0,
20,EN2001a,Headset mix,C,2701.781,2703.962,0,medium,throat clear,0,0,
21,EN2001a,Headset mix,C,2701.983,2704.344,0,loud,throat clear,0,0,close call
22,EN2001a,Headset mix,C,2748.321,2750.911,0,loud,throat clear,,0,
23,EN2001a,Headset mix,C,2864.089,2867.262,0,loud,throat clear,,1,
24,EN2001a,Headset mix,C,2924.02,2926.662,0,loud,throat clear,,0,
25,EN2001a,Headset mix,C,2950.788,2953.343,0,loud,throat clear,,0,
26,EN2001a,Headset mix,C,2977.138,2979.291,0,quiet,throat clear,0,0,
27,EN2001a,Headset mix,C,2977.298,2979.847,0,loud,throat clear,,0,
28,EN2001a,Headset mix,C,3492.965,3495.139,0,loud,throat clear,,0,
29,EN2001a,Headset mix,C,3493.125,3495.389,0,loud,throat clear,,0,
30,EN2001a,Headset mix,C,3740.198,3742.592,0,loud,speech,,0,
31,EN2001a,Headset mix,C,3740.714,3743.681,0,loud,speech,,0,
32,EN2001a,Headset mix,C,4108.237,4110.886,0,quiet,hum,0,1,
33,EN2001a,Headset mix,C,4195.638,4197.832,0,loud,speech,,0,
34,EN2001a,Headset mix,C,4196.203,4199.769,0,loud,throat clear,,1,
35,EN2001a,Headset mix,C,4268.885,4271.055,,,,,,
36,EN2001a,Headset mix,C,4269.076,4271.201,,,,,,
37,EN2001a,Headset mix,C,4269.214,4271.692,,,,,,
38,EN2001a,Headset mix,C,4417.169,4419.731,1,loud,,0,1,
39,EN2001a,Headset mix,C,4417.814,4420.133,1,loud,,0,0,
40,EN2001a,Headset mix,C,4419.833,4422.139,1,loud,Hacking,0,1,
41,EN2001a,Headset mix,C,4417.793,4420.157,1,medium,dry,0,0,
42,EN2001a,Headset mix,C,4419.86,4422.234,1,loud,hacking,0,1,
43,EN2001a,Headset mix,C,4420.281,4422.549,1,loud,dry,0,0,
44,EN2001a,Headset mix,C,4434.351,4437.32,0,quiet,,0,1,
45,EN2001a,Headset mix,C,4750.712,4753.469,0,quiet,throat clear,0,1,
46,EN2001a,Headset mix,C,5054.634,5056.918,0,quiet,throat clear,0,1,
47,EN2001a,Headset mix,C,5055.029,5058,0,quiet,hum,0,1,
48,EN2001a,Headset mix,D,19.824,22.465,0,medium,throat clear,0,1,
49,EN2001a,Headset mix,D,315.735,318.283,0,medium,throat clear,0,1,
50,EN2001a,Headset mix,D,316.776,319.165,0,medium,throat clear,0,1,
51,EN2001a,Headset mix,D,637.33,639.67,,,,,,
52,EN2001a,Headset mix,D,1423.594,1426.177,1,loud,dry,0,1,
53,EN2001a,Headset mix,D,2084.329,2086.864,1,loud,dry,0,0,
54,EN2001a,Headset mix,D,2454.686,2457.22,0,loud,throat clear,0,0,close call
55,EN2001a,Headset mix,E,5065.54,5068.004,1,quiet,dry,0,1,
56,EN2001a,Headset mix,E,5070.777,5073.395,,,,,,
57,EN2001b,Headset mix,B,2978.158,2980.614,,,,,,
58,EN2001d,Headset mix,A,147.391,149.699,1,quiet,dry,0,0,
59,EN2001d,Headset mix,A,147.73,150.048,1,quiet,dry,0,1,
60,EN2001d,Headset mix,B,898.628,900.931,0,,,,,
61,EN2001d,Headset mix,B,1252.868,1255.651,1,medium,hacking,0,1,lot of overlap
62,EN2001d,Headset mix,B,2357.769,2360.417,1,medium,dry,0,1,
63,EN2001d,Headset mix,B,3181.946,3184.453,0,medium,sneeze,0,1,
64,EN2001d,Headset mix,C,240.744,243.698,1,quiet,dry,1,1,
65,EN2001d,Headset mix,C,444.329,446.607,0,,,,,
66,EN2001d,Headset mix,C,444.668,446.792,0,,,,,
67,EN2001d,Headset mix,C,444.819,447.013,0,quiet,hum,0,1,
68,EN2001d,Headset mix,C,2648.89,2651.063,0,,,,,
69,EN2001d,Headset mix,C,2649.086,2651.217,0,,,,,
70,EN2001d,Headset mix,C,2649.255,2651.598,0,,,,,
71,EN2001d,Headset mix,D,64.925,67.246,0,,,,,
72,EN2001d,Headset mix,D,65.62,68.194,0,,,,,
73,EN2001d,Headset mix,D,65.659,68.326,0,,,,,
74,EN2001e,Headset mix,B,2221.884,2224.252,1,quiet,dry,0,1,
75,EN2001e,Headset mix,C,3884.634,3887.827,0,,,,,
76,EN2001e,Headset mix,D,81.907,84.514,0,loud,throat clear,0,0,
77,EN2001e,Headset mix,D,148.422,151.364,0,loud,throat clear,0,1,
78,EN2001e,Headset mix,D,207.513,210.008,1,loud,,0,1,close call
79,EN2001e,Headset mix,D,208.256,210.772,0,quiet,throat clear,0,1,
80,EN2001e,Headset mix,D,337.267,340.071,0,quiet,throat clear,0,1,
81,EN2001e,Headset mix,D,412.987,415.581,0,loud,throat clear,0,1,
82,EN2001e,Headset mix,D,488.929,491.583,0,quiet,throat clear,0,0,
83,EN2001e,Headset mix,D,489.774,492.245,0,medium,throat clear,0,0,
84,EN2001e,Headset mix,D,625.675,628.237,0,quiet,throat clear,0,1,
85,EN2001e,Headset mix,D,646.474,648.954,0,quiet,throat clear,0,1,
86,EN2001e,Headset mix,D,656.387,659.542,0,,,,,
87,EN2001e,Headset mix,D,684.457,687.009,0,loud,throat clear,0,0,close call
88,EN2001e,Headset mix,D,685.155,687.791,0,quiet,throat clear,0,1,
89,EN2001e,Headset mix,D,737.984,740.715,0,medium,throat clear,0,0,
90,EN2001e,Headset mix,D,794.642,797.051,0,medium,throat clear,0,1,
91,EN2001e,Headset mix,D,859.332,862.034,1,loud,dry,0,1,
92,EN2001e,Headset mix,D,860.197,862.787,1,loud,dry,0,1,
93,EN2001e,Headset mix,D,940.44,943.236,0,medium,throat clear,0,0,
94,EN2001e,Headset mix,D,972.603,975.208,0,medium,throat clear,0,1,
95,EN2001e,Headset mix,D,1049.021,1051.743,1,loud,dry,0,0,close call
96,EN2001e,Headset mix,D,1154.119,1156.613,0,quiet,throat clear,0,1,
97,EN2001e,Headset mix,D,1618.634,1621.057,0,,,,,
98,EN2001e,Headset mix,D,1736.321,1738.939,0,,,,,
99,EN2001e,Headset mix,D,2145.893,2148.456,0,,,,,
100,EN2001e,Headset mix,D,2171.673,2174.346,1,loud,throat clear,0,1,close call
101,EN2001e,Headset mix,D,2172.762,2175.247,,,,,,
102,EN2001e,Headset mix,D,3055.838,3058.652,,,,,,
103,EN2001e,Headset mix,D,3348.927,3351.414,,,,,,
104,EN2001e,Headset mix,E,194.899,197.65,,,,,,
105,EN2002a,Headset mix,B,1011.849,1014.425,,,,,,
106,EN2002a,Headset mix,C,453.278,455.778,,,,,,
107,EN2002a,Headset mix,C,1445.142,1447.502,,,,,,
108,EN2002a,Headset mix,C,1445.553,1448.083,,,,,,
109,EN2002b,Headset mix,C,212.343,214.569,,,,,,
110,EN2002b,Headset mix,C,212.6,215.097,,,,,,
111,EN2002b,Headset mix,C,396.675,398.924,,,,,,
112,EN2002b,Headset mix,C,396.964,399.479,,,,,,
113,EN2002b,Headset mix,C,449.646,451.829,,,,,,
114,EN2002b,Headset mix,C,449.883,452.314,,,,,,
115,EN2002b,Headset mix,C,522.825,525.542,,,,,,
116,EN2002b,Headset mix,C,801.5,803.967,,,,,,
117,EN2002b,Headset mix,C,1165.16,1168.056,,,,,,
118,EN2002b,Headset mix,C,1556.696,1559.56,,,,,,
119,EN2002c,Headset mix,A,48.92,51.819,,,,,,
120,EN2002c,Headset mix,A,91.553,94.393,,,,,,
121,EN2002c,Headset mix,A,122.138,124.86,,,,,,
122,EN2002c,Headset mix,A,137.708,140.083,,,,,,
123,EN2002c,Headset mix,A,386.245,388.927,,,,,,
124,EN2002c,Headset mix,A,472.771,475.069,,,,,,
125,EN2002c,Headset mix,C,398.568,401.376,,,,,,
126,EN2002c,Headset mix,C,418.171,420.952,,,,,,
127,EN2002c,Headset mix,C,603.699,605.923,,,,,,
128,EN2002c,Headset mix,C,647.64,650.445,,,,,,
129,EN2002c,Headset mix,C,931.176,933.906,,,,,,
130,EN2002c,Headset mix,C,1439.39,1441.546,,,,,,
131,EN2002c,Headset mix,C,1797.46,1799.703,,,,,,
132,EN2002c,Headset mix,C,1858.13,1860.685,,,,,,
133,EN2002d,Headset mix,A,454.952,457.608,,,,,,
134,EN2002d,Headset mix,B,121.86,124.106,,,,,,
135,EN2002d,Headset mix,B,122.152,124.542,,,,,,
136,EN2002d,Headset mix,B,199.727,201.957,,,,,,
137,EN2002d,Headset mix,B,200.109,202.477,,,,,,
138,EN2002d,Headset mix,B,279.603,281.86,,,,,,
139,EN2002d,Headset mix,B,280.008,282.394,,,,,,
140,EN2002d,Headset mix,B,391.623,393.925,,,,,,
141,EN2002d,Headset mix,B,391.984,394.647,,,,,,
142,EN2002d,Headset mix,B,412.775,415.113,,,,,,
143,EN2002d,Headset mix,B,413.154,415.649,,,,,,
144,EN2002d,Headset mix,B,768.137,770.609,,,,,,
145,EN2002d,Headset mix,B,815.984,818.331,,,,,,
146,EN2002d,Headset mix,B,852.835,855.155,,,,,,
147,EN2002d,Headset mix,B,853.356,855.863,,,,,,
148,EN2002d,Headset mix,B,863.501,865.793,,,,,,
149,EN2002d,Headset mix,B,863.897,866.397,,,,,,
150,EN2002d,Headset mix,B,1003.262,1005.7,,,,,,
151,EN2002d,Headset mix,B,1003.965,1006.631,,,,,,
152,EN2002d,Headset mix,B,1055.63,1057.849,,,,,,
153,EN2002d,Headset mix,B,1104.474,1106.693,,,,,,
154,EN2002d,Headset mix,B,1104.846,1107.043,,,,,,
155,EN2002d,Headset mix,B,1113.27,1115.45,,,,,,
156,EN2002d,Headset mix,B,1217.681,1220.092,,,,,,
157,EN2002d,Headset mix,B,1218.212,1220.692,,,,,,
158,EN2002d,Headset mix,B,1431.076,1433.382,,,,,,
159,EN2002d,Headset mix,B,1431.414,1433.904,,,,,,
160,EN2002d,Headset mix,B,1520.57,1522.909,,,,,,
161,EN2002d,Headset mix,B,1580.682,1583.001,,,,,,
162,EN2002d,Headset mix,B,1581.064,1583.432,,,,,,
163,EN2002d,Headset mix,D,1997.8,2000.217,,,,,,
164,EN2003a,Headset mix,C,261.292,264.2,,,,,,
165,EN2003a,Headset mix,C,685.197,687.71,,,,,,
166,EN2003a,Headset mix,C,1250.2,1252.632,,,,,,
167,EN2003a,Headset mix,C,1427.662,1430.065,,,,,,
168,EN2003a,Headset mix,C,1631.857,1634.728,,,,,,
169,EN2003a,Headset mix,C,1634.856,1637.366,,,,,,
170,EN2003a,Headset mix,C,2190.09,2192.553,,,,,,
171,EN2004a,Headset mix,A,144.32,146.632,,,,,,
172,EN2004a,Headset mix,A,144.231,146.995,,,,,,
173,EN2004a,Headset mix,B,54.491,56.677,,,,,,
174,EN2004a,Headset mix,B,54.771,57.017,,,,,,
175,EN2004a,Headset mix,B,180.299,182.486,,,,,,
176,EN2004a,Headset mix,B,180.528,182.82,,,,,,
177,EN2004a,Headset mix,B,489.057,491.334,,,,,,
178,EN2004a,Headset mix,B,489.456,491.858,,,,,,
179,EN2004a,Headset mix,B,678.002,680.172,,,,,,
180,EN2004a,Headset mix,B,678.199,680.675,,,,,,
181,EN2004a,Headset mix,B,678.853,681.274,,,,,,
182,EN2004a,Headset mix,B,1341.111,1343.39,,,,,,
183,EN2004a,Headset mix,B,1407.686,1409.936,,,,,,
184,EN2004a,Headset mix,B,1408.007,1410.339,,,,,,
185,EN2004a,Headset mix,B,2421.522,2423.687,,,,,,
186,EN2004a,Headset mix,B,2421.747,2424.147,,,,,,
187,EN2004a,Headset mix,B,2476.832,2478.973,,,,,,
188,EN2004a,Headset mix,B,2477.16,2479.525,,,,,,
189,EN2004a,Headset mix,B,2607.97,2610.137,,,,,,
190,EN2004a,Headset mix,B,2608.193,2610.652,,,,,,
191,EN2004a,Headset mix,B,2808.109,2810.275,,,,,,
192,EN2004a,Headset mix,B,2808.35,2810.546,,,,,,
193,EN2004a,Headset mix,B,2808.654,2810.911,,,,,,
194,EN2004a,Headset mix,B,2929.566,2931.736,,,,,,
195,EN2004a,Headset mix,B,2929.786,2931.946,,,,,,
196,EN2004a,Headset mix,B,2930.064,2932.267,,,,,,
197,EN2004a,Headset mix,B,2930.467,2932.631,,,,,,
198,EN2004a,Headset mix,B,2930.742,2932.939,,,,,,
199,EN2004a,Headset mix,B,2931.001,2933.286,,,,,,
200,EN2004a,Headset mix,B,3026.75,3028.951,,,,,,
201,EN2004a,Headset mix,B,3027.034,3029.243,,,,,,
202,EN2004a,Headset mix,B,3027.312,3029.868,,,,,,
203,EN2004a,Headset mix,B,3070.093,3072.25,,,,,,
204,EN2004a,Headset mix,B,3070.334,3072.6,,,,,,
205,EN2004a,Headset mix,C,442.983,445.42,,,,,,
206,EN2004a,Headset mix,C,1876.936,1879.34,,,,,,
207,EN2004a,Headset mix,C,2863.202,2865.934,,,,,,
208,EN2004a,Headset mix,C,3341.918,3344.35,,,,,,
209,EN2005a,Headset mix,D,3157.824,3160.192,,,,,,
210,EN2005a,Headset mix,D,3158.226,3160.523,,,,,,
211,EN2005a,Headset mix,D,3473.396,3475.889,,,,,,
212,EN2005a,Headset mix,D,3702.027,3704.527,,,,,,
213,EN2005a,Headset mix,D,5175.03,5177.432,,,,,,
214,EN2006a,Headset mix,B,16.452,19.065,,,,,,
215,EN2006a,Headset mix,B,72.624,74.977,,,,,,
216,EN2006a,Headset mix,B,119.912,122.368,,,,,,
217,EN2006a,Headset mix,B,185.951,188.367,,,,,,
218,EN2006a,Headset mix,B,187.173,189.666,,,,,,
219,EN2006a,Headset mix,B,445.29,447.809,,,,,,
220,EN2006a,Headset mix,B,503.111,506.016,,,,,,
221,EN2006a,Headset mix,B,504.51,506.771,,,,,,
222,EN2006a,Headset mix,B,663.374,666.035,,,,,,
223,EN2006a,Headset mix,B,729.943,732.714,,,,,,
224,EN2006a,Headset mix,B,952.726,955.074,,,,,,
225,EN2006a,Headset mix,B,1049.811,1052.626,,,,,,
226,EN2006a,Headset mix,B,1051.02,1053.28,,,,,,
227,EN2006a,Headset mix,B,1095.709,1098.181,,,,,,
228,EN2006a,Headset mix,B,1212.344,1214.664,,,,,,
229,EN2006a,Headset mix,B,1213.671,1216.043,,,,,,
230,EN2006a,Headset mix,B,1392.9,1395.632,,,,,,
231,EN2006a,Headset mix,B,1464.253,1466.639,,,,,,
232,EN2006a,Headset mix,B,1546.808,1549.768,,,,,,
233,EN2006a,Headset mix,B,1735.755,1738.743,,,,,,
234,EN2006a,Headset mix,B,1772.753,1775.75,,,,,,
235,EN2006a,Headset mix,B,1795.35,1798.04,,,,,,
236,EN2006a,Headset mix,B,1927.864,1930.202,,,,,,
237,EN2006a,Headset mix,B,1934.525,1937.876,,,,,,
238,EN2006a,Headset mix,B,2073.357,2076.176,,,,,,
239,EN2006a,Headset mix,B,2107.2,2109.992,,,,,,
240,EN2006a,Headset mix,B,2247.24,2249.851,,,,,,
241,EN2006a,Headset mix,B,2486.664,2489.288,,,,,,
242,EN2006a,Headset mix,B,2519.32,2522.233,,,,,,
243,EN2006a,Headset mix,B,2799.817,2802.244,,,,,,
244,EN2006a,Headset mix,B,2844.951,2847.958,,,,,,
245,EN2006a,Headset mix,B,2955.551,2958.292,,,,,,
246,EN2006a,Headset mix,B,2999.8,3002.482,,,,,,
247,EN2006a,Headset mix,B,3167.743,3170.786,,,,,,
248,EN2006a,Headset mix,B,3193.758,3196.727,,,,,,
249,EN2006a,Headset mix,B,3244.552,3247.464,,,,,,
250,EN2006a,Headset mix,B,3245.774,3248.725,,,,,,
251,EN2006a,Headset mix,B,3279.848,3283.142,,,,,,
252,EN2006a,Headset mix,B,3318.332,3321.293,,,,,,
253,EN2006a,Headset mix,B,3406.992,3409.261,,,,,,
254,EN2006a,Headset mix,D,359.845,362.069,,,,,,
255,EN2006a,Headset mix,D,552.92,555.585,,,,,,
256,EN2006a,Headset mix,D,3372.684,3375.21,,,,,,
257,EN2006b,Headset mix,B,137.888,140.512,,,,,,
258,EN2006b,Headset mix,B,168.913,171.631,,,,,,
259,EN2006b,Headset mix,B,372.487,375.261,,,,,,
260,EN2006b,Headset mix,B,539.907,543.543,,,,,,
261,EN2006b,Headset mix,B,640.742,643.525,,,,,,
262,EN2006b,Headset mix,B,663.787,666.474,,,,,,
263,EN2006b,Headset mix,B,755.26,758.003,,,,,,
264,EN2006b,Headset mix,B,839.034,841.798,,,,,,
265,EN2006b,Headset mix,B,1155.279,1158.169,,,,,,
266,EN2006b,Headset mix,B,1250.655,1253.441,,,,,,
267,EN2006b,Headset mix,B,1344.28,1346.968,,,,,,
268,EN2006b,Headset mix,B,1438.155,1440.628,,,,,,
269,EN2006b,Headset mix,B,1449.037,1451.301,,,,,,
270,EN2006b,Headset mix,B,1666.424,1669.432,,,,,,
271,EN2006b,Headset mix,B,1703.04,1705.853,,,,,,
272,EN2006b,Headset mix,B,1898.139,1901.05,,,,,,
273,EN2006b,Headset mix,B,1950.962,1953.858,,,,,,
274,EN2006b,Headset mix,B,2074.113,2077.12,,,,,,
275,EN2006b,Headset mix,B,2170.138,2172.846,,,,,,
276,EN2006b,Headset mix,B,2185.976,2188.535,,,,,,
277,EN2006b,Headset mix,B,2207.166,2210.123,,,,,,
278,EN2006b,Headset mix,B,2285.67,2288.226,,,,,,
279,EN2006b,Headset mix,B,2392.12,2395.061,,,,,,
280,EN2006b,Headset mix,B,2562.06,2564.474,,,,,,
281,EN2006b,Headset mix,B,2782.316,2785.382,,,,,,
282,EN2006b,Headset mix,B,2833.51,2836.191,,,,,,
283,EN2006b,Headset mix,B,2905.272,2908.203,,,,,,
284,EN2006b,Headset mix,B,2954.563,2957.572,,,,,,
285,EN2009b,Headset mix,B,2209.525,2211.887,,,,,,
286,EN2009c,Headset mix,B,1789.637,1792.034,,,,,,
287,EN2009c,Headset mix,B,1790.074,1792.424,,,,,,
288,ES2002a,Headset mix,D,435.336,438.264,,,,,,
289,ES2002a,Headset mix,D,700.114,702.555,,,,,,
290,ES2002a,Headset mix,D,700.622,703.049,,,,,,
291,ES2002a,Headset mix,D,926.255,928.644,,,,,,
292,ES2002a,Headset mix,D,1039.868,1042.38,,,,,,
293,ES2002a,Headset mix,D,1103.626,1106.186,,,,,,
294,ES2002a,Headset mix,D,1104.211,1106.736,,,,,,
295,ES2002b,Headset mix,A,431.36,433.799,,,,,,
296,ES2002b,Headset mix,A,453.92,456.475,,,,,,
297,ES2002b,Headset mix,A,611.491,613.997,,,,,,
298,ES2002b,Headset mix,A,645.72,648.349,,,,,,
299,ES2002b,Headset mix,A,1298.353,1300.723,,,,,,
300,ES2002b,Headset mix,A,1772.038,1775.017,,,,,,
301,ES2002b,Headset mix,A,1833.78,1836.479,,,,,,
302,ES2002b,Headset mix,A,2135.085,2137.792,,,,,,
303,ES2002b,Headset mix,B,1723.439,1726.003,,,,,,
304,ES2002b,Headset mix,B,1863.411,1866.077,,,,,,
305,ES2002b,Headset mix,B,1951.099,1953.579,,,,,,
306,ES2002b,Headset mix,D,37.121,39.807,,,,,,
307,ES2002b,Headset mix,D,250.697,252.892,,,,,,
308,ES2002b,Headset mix,D,250.905,253.407,,,,,,
309,ES2002b,Headset mix,D,674.401,677.067,,,,,,
310,ES2002b,Headset mix,D,1803.213,1805.348,,,,,,
311,ES2002b,Headset mix,D,1803.394,1805.78,,,,,,
312,ES2002c,Headset mix,D,31.4,34.008,,,,,,
313,ES2002c,Headset mix,D,284.026,286.422,,,,,,
314,ES2002c,Headset mix,D,881.4,883.778,,,,,,
315,ES2002c,Headset mix,D,881.877,884.284,,,,,,
316,ES2002c,Headset mix,D,958.485,961.444,,,,,,
317,ES2002c,Headset mix,D,1064.93,1067.226,,,,,,
318,ES2002c,Headset mix,D,1065.265,1067.679,,,,,,
319,ES2002c,Headset mix,D,1293.592,1296.344,,,,,,
320,ES2002c,Headset mix,D,1446.727,1448.908,,,,,,
321,ES2002c,Headset mix,D,1446.914,1449.397,,,,,,
322,ES2002c,Headset mix,D,1447.483,1450.252,,,,,,
323,ES2002c,Headset mix,D,1829.432,1831.972,,,,,,
324,ES2002c,Headset mix,D,1845.896,1848.412,,,,,,
325,ES2002d,Headset mix,A,255.875,258.257,,,,,,
326,ES2002d,Headset mix,A,1661.749,1664.324,,,,,,
327,ES2002d,Headset mix,A,1678.531,1680.885,,,,,,
328,ES2002d,Headset mix,A,1691.513,1693.967,,,,,,
329,ES2002d,Headset mix,A,1692.147,1694.474,,,,,,
330,ES2002d,Headset mix,A,1692.685,1695.054,,,,,,
331,ES2002d,Headset mix,A,1729.938,1732.622,,,,,,
332,ES2002d,Headset mix,C,173.749,175.985,,,,,,
333,ES2002d,Headset mix,C,174.019,176.693,,,,,,
334,ES2002d,Headset mix,C,925.666,928.541,,,,,,
335,ES2002d,Headset mix,C,2391.414,2393.587,,,,,,
336,ES2002d,Headset mix,C,2391.618,2393.947,,,,,,
337,ES2002d,Headset mix,C,2397.326,2399.53,,,,,,
338,ES2002d,Headset mix,C,2397.53,2399.676,,,,,,
339,ES2002d,Headset mix,C,2397.713,2399.829,,,,,,
340,ES2002d,Headset mix,C,2397.88,2400.599,,,,,,
341,ES2003a,Headset mix,C,144.424,147.144,,,,,,
342,ES2003b,Headset mix,C,312.978,315.388,,,,,,
343,ES2003b,Headset mix,D,1657.601,1660.118,,,,,,
344,ES2003b,Headset mix,D,1658.175,1660.478,,,,,,
345,ES2003b,Headset mix,D,1659.085,1661.681,,,,,,
346,ES2003c,Headset mix,D,140.581,143.157,,,,,,
347,ES2003c,Headset mix,D,1426.366,1428.602,,,,,,
348,ES2003c,Headset mix,D,1426.675,1429.155,,,,,,
349,ES2003c,Headset mix,D,2182.259,2184.808,,,,,,
350,ES2003d,Headset mix,D,473.796,476.765,,,,,,
351,ES2003d,Headset mix,D,1349.523,1352.368,,,,,,
352,ES2003d,Headset mix,D,2121.528,2124.216,,,,,,
353,ES2003d,Headset mix,D,2178.28,2181.224,,,,,,
354,ES2004a,Headset mix,A,64.994,67.54,,,,,,
355,ES2004a,Headset mix,C,389.77,392.485,,,,,,
356,ES2004a,Headset mix,C,389.778,392.421,,,,,,
357,ES2004b,Headset mix,C,281.273,283.857,,,,,,
358,ES2004b,Headset mix,D,1553.496,1555.8,,,,,,
359,ES2004c,Headset mix,C,2113.004,2115.555,,,,,,
360,ES2004c,Headset mix,D,473.45,475.983,,,,,,
361,ES2004c,Headset mix,D,474.046,476.471,,,,,,
362,ES2004d,Headset mix,C,187.419,189.933,,,,,,
363,ES2004d,Headset mix,C,193.667,196.382,,,,,,
364,ES2004d,Headset mix,C,970.602,973.206,,,,,,
365,ES2004d,Headset mix,C,2063.495,2066.035,,,,,,
366,ES2004d,Headset mix,C,2064.045,2066.384,,,,,,
367,ES2005b,Headset mix,C,31.266,33.724,,,,,,
368,ES2005b,Headset mix,C,135.362,138.001,,,,,,
369,ES2005b,Headset mix,C,140.073,142.846,,,,,,
370,ES2005b,Headset mix,C,489.048,491.68,,,,,,
371,ES2005b,Headset mix,C,901.237,904.603,,,,,,
372,ES2005b,Headset mix,C,994.181,996.743,,,,,,
373,ES2005b,Headset mix,C,1257.619,1260.182,,,,,,
374,ES2005b,Headset mix,C,1302.56,1305.275,,,,,,
375,ES2005b,Headset mix,C,1327.493,1330.083,,,,,,
376,ES2005b,Headset mix,C,1373.09,1375.979,,,,,,
377,ES2005b,Headset mix,C,1439.762,1442.713,,,,,,
378,ES2005b,Headset mix,C,1773.045,1775.643,,,,,,
379,ES2005b,Headset mix,C,2094.689,2097.919,,,,,,
380,ES2005b,Headset mix,C,2165.768,2168.328,,,,,,
381,ES2005b,Headset mix,C,2245.644,2248.186,,,,,,
382,ES2005b,Headset mix,C,2261.097,2263.736,,,,,,
383,ES2005b,Headset mix,C,2289.454,2292.102,,,,,,
384,ES2005c,Headset mix,A,1495.151,1497.758,,,,,,
385,ES2005c,Headset mix,B,74.176,76.78,,,,,,
386,ES2005c,Headset mix,B,99.765,102.195,,,,,,
387,ES2005c,Headset mix,C,41.94,44.461,,,,,,
388,ES2005c,Headset mix,C,51.161,53.807,,,,,,
389,ES2005c,Headset mix,C,696.093,698.653,,,,,,
390,ES2005c,Headset mix,C,857.393,859.587,,,,,,
391,ES2005c,Headset mix,C,867.499,870.096,,,,,,
392,ES2005c,Headset mix,C,1403.078,1405.494,,,,,,
393,ES2005c,Headset mix,C,1488.241,1490.74,,,,,,
394,ES2005c,Headset mix,C,1947.537,1950.148,,,,,,
395,ES2005c,Headset mix,C,1993.634,1996.224,,,,,,
396,ES2005c,Headset mix,C,2138.079,2141.086,,,,,,
397,ES2005c,Headset mix,C,2232.934,2235.539,,,,,,
398,ES2005d,Headset mix,A,70.641,73.866,,,,,,
399,ES2005d,Headset mix,A,354.309,356.824,,,,,,
400,ES2005d,Headset mix,A,733.544,735.896,,,,,,
401,ES2005d,Headset mix,A,1344.371,1347.158,,,,,,
402,ES2005d,Headset mix,A,1660.44,1662.792,,,,,,
403,ES2005d,Headset mix,B,920.664,922.984,,,,,,
404,ES2005d,Headset mix,C,60.869,63.32,,,,,,
405,ES2005d,Headset mix,C,62.563,65.285,,,,,,
406,ES2005d,Headset mix,C,88.723,91.327,,,,,,
407,ES2005d,Headset mix,C,153.272,155.735,,,,,,
408,ES2005d,Headset mix,C,199.067,201.672,,,,,,
409,ES2005d,Headset mix,C,596.772,599.515,,,,,,
410,ES2005d,Headset mix,C,788.863,791.485,,,,,,
411,ES2005d,Headset mix,C,799.701,802.048,,,,,,
412,ES2005d,Headset mix,C,800.196,803.466,,,,,,
413,ES2006a,Headset mix,D,480.306,482.764,,,,,,
414,ES2006c,Headset mix,D,571.992,574.459,,,,,,
415,ES2006c,Headset mix,D,572.72,575.124,,,,,,
416,ES2006c,Headset mix,D,1453.944,1456.765,,,,,,
417,ES2006d,Headset mix,B,717.432,719.961,,,,,,
418,ES2006d,Headset mix,D,1828.351,1830.752,,,,,,
419,ES2007a,Headset mix,D,153.073,156.112,,,,,,
420,ES2007a,Headset mix,D,236.589,239.105,,,,,,
421,ES2007a,Headset mix,D,237.367,239.629,,,,,,
422,ES2007a,Headset mix,D,484.899,487.302,,,,,,
423,ES2007a,Headset mix,D,485.345,487.634,,,,,,
424,ES2007a,Headset mix,D,567.528,569.896,,,,,,
425,ES2007b,Headset mix,C,1023.791,1026.395,,,,,,
426,ES2007b,Headset mix,D,330.559,332.979,,,,,,
427,ES2007b,Headset mix,D,331.058,333.413,,,,,,
428,ES2007b,Headset mix,D,680.76,683.096,,,,,,
429,ES2007b,Headset mix,D,960.671,963.168,,,,,,
430,ES2007c,Headset mix,D,21.689,24.064,,,,,,
431,ES2007c,Headset mix,D,162.018,164.412,,,,,,
432,ES2007c,Headset mix,D,177.592,180.408,,,,,,
433,ES2007c,Headset mix,D,219.64,222.166,,,,,,
434,ES2007c,Headset mix,D,233.576,236.536,,,,,,
435,ES2007c,Headset mix,D,270.818,273.375,,,,,,
436,ES2007c,Headset mix,D,271.364,273.611,,,,,,
437,ES2007c,Headset mix,D,271.857,274.211,,,,,,
438,ES2007c,Headset mix,D,676.04,678.776,,,,,,
439,ES2007c,Headset mix,D,951.751,954.153,,,,,,
440,ES2007c,Headset mix,D,952.363,954.888,,,,,,
441,ES2007c,Headset mix,D,1035.881,1038.276,,,,,,
442,ES2007c,Headset mix,D,1036.663,1039.04,,,,,,
443,ES2007c,Headset mix,D,1239.814,1242.809,,,,,,
444,ES2007c,Headset mix,D,1584.709,1587.448,,,,,,
445,ES2007c,Headset mix,D,1716.114,1718.596,,,,,,
446,ES2007c,Headset mix,D,1716.799,1719.195,,,,,,
447,ES2007d,Headset mix,D,119.69,122.176,,,,,,
448,ES2007d,Headset mix,D,120.247,122.671,,,,,,
449,ES2008a,Headset mix,D,9.781,12.488,,,,,,
450,ES2008a,Headset mix,D,159.688,162.255,,,,,,
451,ES2008a,Headset mix,D,757.336,759.672,,,,,,
452,ES2008b,Headset mix,A,1096.823,1099.163,,,,,,
453,ES2008b,Headset mix,A,1097.186,1099.44,,,,,,
454,ES2008b,Headset mix,D,530.334,533.276,,,,,,
455,ES2008b,Headset mix,D,642.809,645.145,,,,,,
456,ES2008b,Headset mix,D,643.178,645.625,,,,,,
457,ES2008b,Headset mix,D,981.64,984.36,,,,,,
458,ES2008b,Headset mix,D,1116.92,1119.4,,,,,,
459,ES2008b,Headset mix,D,1232.992,1235.354,,,,,,
460,ES2008b,Headset mix,D,1233.38,1235.896,,,,,,
461,ES2008b,Headset mix,D,1462.92,1465.336,,,,,,
462,ES2008b,Headset mix,D,1532.837,1535.426,,,,,,
463,ES2008b,Headset mix,D,1984.24,1986.539,,,,,,
464,ES2008b,Headset mix,D,1984.589,1986.94,,,,,,
465,ES2008c,Headset mix,D,528.264,530.938,,,,,,
466,ES2008c,Headset mix,D,933.074,935.617,,,,,,
467,ES2008c,Headset mix,D,1589.415,1592.05,,,,,,
468,ES2008d,Headset mix,D,357.874,360.493,,,,,,
469,ES2008d,Headset mix,D,529.964,532.603,,,,,,
470,ES2008d,Headset mix,D,1508.392,1510.744,,,,,,
471,ES2008d,Headset mix,D,1598.056,1600.407,,,,,,
472,ES2008d,Headset mix,D,1681.074,1683.826,,,,,,
473,ES2008d,Headset mix,D,2235.944,2238.296,,,,,,
474,ES2009a,Headset mix,A,1003.994,1006.369,,,,,,
475,ES2009a,Headset mix,A,1007.24,1009.769,,,,,,
476,ES2009a,Headset mix,A,1021.88,1024.744,,,,,,
477,ES2009a,Headset mix,C,658.541,661.255,,,,,,
478,ES2009a,Headset mix,D,683.911,686.348,,,,,,
479,ES2009b,Headset mix,A,682.149,684.572,,,,,,
480,ES2009b,Headset mix,A,683.579,686.072,,,,,,
481,ES2009b,Headset mix,C,300.249,302.833,,,,,,
482,ES2009b,Headset mix,C,804.256,806.728,,,,,,
483,ES2009d,Headset mix,A,645.077,647.383,,,,,,
484,ES2009d,Headset mix,C,1182.499,1185.013,,,,,,
485,ES2009d,Headset mix,C,1295.304,1298.001,,,,,,
486,ES2009d,Headset mix,D,1900.703,1903.05,,,,,,
487,ES2009d,Headset mix,D,1901.084,1903.415,,,,,,
488,ES2010a,Headset mix,A,309.275,311.942,,,,,,
489,ES2010a,Headset mix,C,139.299,141.786,,,,,,
490,ES2010a,Headset mix,C,139.866,142.406,,,,,,
491,ES2010a,Headset mix,C,255.421,257.983,,,,,,
492,ES2010a,Headset mix,C,256.203,258.719,,,,,,
493,ES2010a,Headset mix,C,320.326,322.749,,,,,,
494,ES2010a,Headset mix,C,428.855,431.344,,,,,,
495,ES2010a,Headset mix,C,516.856,519.8,,,,,,
496,ES2010b,Headset mix,A,305.416,307.72,,,,,,
497,ES2010b,Headset mix,C,279.722,282.132,,,,,,
498,ES2010b,Headset mix,C,496.885,499.064,,,,,,
499,ES2010b,Headset mix,C,497.139,499.295,,,,,,
500,ES2010b,Headset mix,C,497.32,499.632,,,,,,
501,ES2010b,Headset mix,C,552.904,555.699,,,,,,
502,ES2010b,Headset mix,C,654.552,656.872,,,,,,
503,ES2010b,Headset mix,C,701.585,704.427,,,,,,
504,ES2010b,Headset mix,C,998.72,1001.289,,,,,,
505,ES2010c,Headset mix,A,488.968,491.368,,,,,,
506,ES2010c,Headset mix,C,278.733,281.081,,,,,,
507,ES2010c,Headset mix,C,279.238,282.098,,,,,,
508,ES2010c,Headset mix,C,344.142,346.372,,,,,,
509,ES2010c,Headset mix,C,540.144,542.276,,,,,,
510,ES2010c,Headset mix,C,540.303,542.716,,,,,,
511,ES2010c,Headset mix,C,1617.254,1620.12,,,,,,
512,ES2010d,Headset mix,A,783.505,786.029,,,,,,
513,ES2010d,Headset mix,C,63.615,65.941,,,,,,
514,ES2010d,Headset mix,C,164.533,167.056,,,,,,
515,ES2010d,Headset mix,C,252.332,254.812,,,,,,
516,ES2010d,Headset mix,C,296.738,298.976,,,,,,
517,ES2010d,Headset mix,C,361.187,364.006,,,,,,
518,ES2010d,Headset mix,C,425.016,427.566,,,,,,
519,ES2010d,Headset mix,C,539.478,542.117,,,,,,
520,ES2010d,Headset mix,C,630.461,632.676,,,,,,
521,ES2010d,Headset mix,C,630.81,633.401,,,,,,
522,ES2010d,Headset mix,C,734.791,737.09,,,,,,
523,ES2010d,Headset mix,C,735.311,737.707,,,,,,
524,ES2010d,Headset mix,C,772.294,774.564,,,,,,
525,ES2010d,Headset mix,C,772.601,775.399,,,,,,
526,ES2010d,Headset mix,C,897.113,899.944,,,,,,
527,ES2010d,Headset mix,C,945.157,947.935,,,,,,
528,ES2011a,Headset mix,B,281.258,283.697,,,,,,
529,ES2011a,Headset mix,B,580.182,582.632,,,,,,
530,ES2011a,Headset mix,C,942.856,945.027,,,,,,
531,ES2011a,Headset mix,C,943.047,945.576,,,,,,
532,ES2011c,Headset mix,C,85.74,87.866,,,,,,
533,ES2011c,Headset mix,C,85.878,88.583,,,,,,
534,ES2011d,Headset mix,C,1971.258,1973.539,,,,,,
535,ES2011d,Headset mix,C,1971.629,1974.741,,,,,,
536,ES2012a,Headset mix,D,648.054,650.853,,,,,,
537,ES2012a,Headset mix,D,861.106,863.624,,,,,,
538,ES2012b,Headset mix,A,400.499,403.149,,,,,,
539,ES2012b,Headset mix,A,404.999,407.874,,,,,,
540,ES2012b,Headset mix,A,667.087,670.16,,,,,,
541,ES2012b,Headset mix,A,711.276,714.292,,,,,,
542,ES2012b,Headset mix,A,750.049,752.323,,,,,,
543,ES2012b,Headset mix,A,772.515,774.705,,,,,,
544,ES2012b,Headset mix,A,772.777,775.374,,,,,,
545,ES2012b,Headset mix,A,906.682,909.34,,,,,,
546,ES2012b,Headset mix,A,968.637,971.399,,,,,,
547,ES2012b,Headset mix,A,1051.075,1053.925,,,,,,
548,ES2012b,Headset mix,A,1105.46,1108.001,,,,,,
549,ES2012b,Headset mix,A,1109.96,1112.344,,,,,,
550,ES2012b,Headset mix,A,1254.17,1256.398,,,,,,
551,ES2012b,Headset mix,D,850.464,852.824,,,,,,
552,ES2012b,Headset mix,D,1301.783,1304.504,,,,,,
553,ES2012b,Headset mix,D,1635.924,1638.401,,,,,,
554,ES2012b,Headset mix,D,1651.998,1654.743,,,,,,
555,ES2012b,Headset mix,D,1894.098,1896.547,,,,,,
556,ES2012c,Headset mix,A,292.888,295.629,,,,,,
557,ES2012c,Headset mix,D,1332.315,1334.76,,,,,,
558,ES2012d,Headset mix,A,220.737,222.966,,,,,,
559,ES2013a,Headset mix,B,637.32,640.058,,,,,,
560,ES2013c,Headset mix,B,418.801,421.013,,,,,,
561,ES2013c,Headset mix,B,419.087,421.3,,,,,,
562,ES2013c,Headset mix,B,419.457,422.104,,,,,,
563,ES2013c,Headset mix,B,802.866,805.477,,,,,,
564,ES2013c,Headset mix,B,804.132,806.72,,,,,,
565,ES2013c,Headset mix,B,1070.23,1072.751,,,,,,
566,ES2013c,Headset mix,B,1071.126,1073.467,,,,,,
567,ES2013c,Headset mix,B,1262.136,1264.568,,,,,,
568,ES2013c,Headset mix,B,1291.915,1294.696,,,,,,
569,ES2013c,Headset mix,B,1313.478,1316.147,,,,,,
570,ES2013c,Headset mix,B,1315.146,1317.764,,,,,,
571,ES2013c,Headset mix,B,1598.932,1601.387,,,,,,
572,ES2013c,Headset mix,B,1956.006,1958.601,,,,,,
573,ES2013c,Headset mix,B,2125.945,2128.792,,,,,,
574,ES2013c,Headset mix,B,2293.587,2296.021,,,,,,
575,ES2013c,Headset mix,C,614.853,617.312,,,,,,
576,ES2013c,Headset mix,C,1364.636,1366.934,,,,,,
577,ES2013c,Headset mix,C,1365.045,1367.663,,,,,,
578,ES2013d,Headset mix,A,466.167,468.653,,,,,,
579,ES2013d,Headset mix,A,466.671,468.925,,,,,,
580,ES2013d,Headset mix,B,8.528,11.157,,,,,,
581,ES2013d,Headset mix,B,9.927,12.633,,,,,,
582,ES2014a,Headset mix,A,115.908,118.332,,,,,,
583,ES2014a,Headset mix,C,792.576,794.782,,,,,,
584,ES2014b,Headset mix,C,182.431,184.935,,,,,,
585,ES2014b,Headset mix,C,640.798,643.11,,,,,,
586,ES2014b,Headset mix,C,887.23,889.556,,,,,,
587,ES2014b,Headset mix,C,887.83,890.386,,,,,,
588,ES2014b,Headset mix,C,1315.011,1317.516,,,,,,
589,ES2014b,Headset mix,C,1458.04,1460.264,,,,,,
590,ES2014b,Headset mix,C,1630.639,1633.045,,,,,,
591,ES2014b,Headset mix,C,1927.976,1930.303,,,,,,
592,ES2014c,Headset mix,A,615.448,618.093,,,,,,
593,ES2014c,Headset mix,B,252.379,254.653,,,,,,
594,ES2014c,Headset mix,B,252.678,254.943,,,,,,
595,ES2014c,Headset mix,C,151.961,154.691,,,,,,
596,ES2014c,Headset mix,C,531.045,533.582,,,,,,
597,ES2014c,Headset mix,C,594.39,596.751,,,,,,
598,ES2014c,Headset mix,C,929.084,931.514,,,,,,
599,ES2014c,Headset mix,C,1460.143,1462.605,,,,,,
600,ES2014c,Headset mix,C,1490.808,1493.16,,,,,,
601,ES2014d,Headset mix,A,1615.772,1618.217,,,,,,
602,ES2014d,Headset mix,C,154.507,156.951,,,,,,
603,ES2014d,Headset mix,C,249.736,252.365,,,,,,
604,ES2014d,Headset mix,C,821.651,824.243,,,,,,
605,ES2014d,Headset mix,C,1904.455,1907.016,,,,,,
606,ES2015a,Headset mix,B,919.219,921.836,,,,,,
607,ES2015a,Headset mix,D,87.608,89.728,,,,,,
608,ES2015a,Headset mix,D,87.854,89.975,,,,,,
609,ES2015a,Headset mix,D,88.004,90.451,,,,,,
610,ES2015a,Headset mix,D,141.197,143.764,,,,,,
611,ES2015a,Headset mix,D,824.806,826.921,,,,,,
612,ES2015a,Headset mix,D,824.965,827.079,,,,,,
613,ES2015a,Headset mix,D,825.138,827.583,,,,,,
614,ES2015a,Headset mix,D,1034.26,1036.44,,,,,,
615,ES2015b,Headset mix,D,29.607,31.745,,,,,,
616,ES2015b,Headset mix,D,29.796,32.335,,,,,,
617,ES2015b,Headset mix,D,525.873,527.995,,,,,,
618,ES2015b,Headset mix,D,526.039,528.467,,,,,,
619,ES2015b,Headset mix,D,560.14,562.425,,,,,,
620,ES2015b,Headset mix,D,716.702,719.264,,,,,,
621,ES2015b,Headset mix,D,807.188,810.169,,,,,,
622,ES2015b,Headset mix,D,1285.739,1288.258,,,,,,
623,ES2015b,Headset mix,D,1488.162,1490.762,,,,,,
624,ES2015c,Headset mix,B,41.861,44.104,,,,,,
625,ES2015c,Headset mix,B,42.116,44.489,,,,,,
626,ES2015c,Headset mix,B,77.007,79.611,,,,,,
627,ES2015c,Headset mix,B,85.853,88.638,,,,,,
628,ES2015c,Headset mix,B,400.923,403.767,,,,,,
629,ES2015c,Headset mix,D,39.673,42.27,,,,,,
630,ES2015c,Headset mix,D,596.273,598.969,,,,,,
631,ES2015c,Headset mix,D,1248.309,1250.822,,,,,,
632,ES2015c,Headset mix,D,1263.472,1266.055,,,,,,
633,ES2015c,Headset mix,D,1298.49,1300.984,,,,,,
634,ES2015c,Headset mix,D,1416.445,1419.157,,,,,,
635,ES2015d,Headset mix,B,1233.434,1236.344,,,,,,
636,ES2015d,Headset mix,B,1529.697,1532.661,,,,,,
637,ES2015d,Headset mix,D,638.767,641.372,,,,,,
638,ES2015d,Headset mix,D,1065.095,1067.687,,,,,,
639,ES2016a,Headset mix,B,171.857,174.315,,,,,,
640,ES2016a,Headset mix,B,356.617,359.211,,,,,,
641,ES2016a,Headset mix,B,441.744,444.616,,,,,,
642,ES2016a,Headset mix,B,626.544,629.244,,,,,,
643,ES2016a,Headset mix,B,714.481,717.069,,,,,,
644,ES2016a,Headset mix,B,747.804,750.547,,,,,,
645,ES2016a,Headset mix,B,818.521,821.236,,,,,,
646,ES2016a,Headset mix,D,853.496,855.992,,,,,,
647,ES2016b,Headset mix,B,220.639,223.442,,,,,,
648,ES2016b,Headset mix,B,362.054,364.92,,,,,,
649,ES2016b,Headset mix,B,938.572,941.079,,,,,,
650,ES2016b,Headset mix,B,1138.258,1140.806,,,,,,
651,ES2016b,Headset mix,B,1182.16,1184.57,,,,,,
652,ES2016b,Headset mix,B,1847.778,1850.229,,,,,,
653,ES2016b,Headset mix,B,1974.506,1976.943,,,,,,
654,ES2016b,Headset mix,B,2210.373,2212.769,,,,,,
655,ES2016b,Headset mix,B,2250.242,2252.71,,,,,,
656,ES2016b,Headset mix,B,2311.099,2313.619,,,,,,
657,ES2016b,Headset mix,D,612.467,615.13,,,,,,
658,ES2016b,Headset mix,D,650.972,653.687,,,,,,
659,ES2016b,Headset mix,D,1973.672,1976.392,,,,,,
660,ES2016b,Headset mix,D,1987.817,1990.592,,,,,,
661,ES2016c,Headset mix,A,310.009,312.509,,,,,,
662,ES2016c,Headset mix,B,626.424,629.279,,,,,,
663,ES2016c,Headset mix,B,733.265,736.107,,,,,,
664,ES2016c,Headset mix,B,998.202,1000.654,,,,,,
665,ES2016c,Headset mix,B,1060.242,1062.665,,,,,,
666,ES2016c,Headset mix,B,1168.719,1171.399,,,,,,
667,ES2016c,Headset mix,D,616.619,619.227,,,,,,
668,ES2016c,Headset mix,D,1143.34,1146.244,,,,,,
669,ES2016c,Headset mix,D,1930.134,1932.484,,,,,,
670,ES2016c,Headset mix,D,1973.936,1976.398,,,,,,
671,ES2016d,Headset mix,A,1387.681,1390.247,,,,,,
672,ES2016d,Headset mix,B,536.079,538.82,,,,,,
673,ES2016d,Headset mix,B,729.059,731.427,,,,,,
674,ES2016d,Headset mix,B,758.872,761.435,,,,,,
675,ES2016d,Headset mix,B,1062.904,1065.745,,,,,,
676,ES2016d,Headset mix,B,1462.56,1465.278,,,,,,
677,ES2016d,Headset mix,C,182.957,185.324,,,,,,
678,ES2016d,Headset mix,D,937.049,939.688,,,,,,
679,ES2016d,Headset mix,D,1227.008,1229.442,,,,,,
680,IB4001,Headset mix,D,5.378,7.533,,,,,,
681,IB4001,Headset mix,D,5.637,7.756,,,,,,
682,IB4001,Headset mix,D,5.891,8.225,,,,,,
683,IB4001,Headset mix,D,48.666,51.003,,,,,,
684,IB4001,Headset mix,D,49.359,51.715,,,,,,
685,IB4001,Headset mix,D,49.795,52.349,,,,,,
686,IB4001,Headset mix,D,51.905,54.77,,,,,,
687,IB4003,Headset mix,B,616.348,618.829,,,,,,
688,IB4004,Headset mix,B,132.903,135.348,,,,,,
689,IB4004,Headset mix,B,217.032,219.398,,,,,,
690,IB4004,Headset mix,B,239.368,241.624,,,,,,
691,IB4004,Headset mix,B,362.551,364.941,,,,,,
692,IB4004,Headset mix,B,466.476,468.923,,,,,,
693,IB4004,Headset mix,B,550.961,553.435,,,,,,
694,IB4004,Headset mix,B,586.34,588.754,,,,,,
695,IB4004,Headset mix,B,931.48,933.72,,,,,,
696,IB4004,Headset mix,B,1169.083,1171.624,,,,,,
697,IB4004,Headset mix,B,1345.003,1347.721,,,,,,
698,IB4004,Headset mix,B,1438.344,1440.584,,,,,,
699,IB4004,Headset mix,B,1661.8,1664.48,,,,,,
700,IB4004,Headset mix,B,1751.495,1754,,,,,,
701,IB4004,Headset mix,B,1819.507,1822.007,,,,,,
702,IB4004,Headset mix,B,2220.771,2223.155,,,,,,
703,IB4004,Headset mix,B,2221.256,2223.59,,,,,,
704,IB4005,Headset mix,B,223.221,225.769,,,,,,
705,IB4005,Headset mix,B,1751.356,1753.814,,,,,,
706,IB4005,Headset mix,B,1977.868,1980.405,,,,,,
707,IB4010,Headset mix,C,488.44,491.173,,,,,,
708,IB4010,Headset mix,C,523.382,526.222,,,,,,
709,IB4010,Headset mix,C,980.431,982.86,,,,,,
710,IB4010,Headset mix,C,1285.289,1288.037,,,,,,
711,IB4010,Headset mix,C,2509.627,2511.754,,,,,,
712,IB4010,Headset mix,C,2509.808,2511.934,,,,,,
713,IB4010,Headset mix,C,2509.958,2512.219,,,,,,
714,IB4010,Headset mix,C,2550.788,2553.709,,,,,,
715,IB4010,Headset mix,C,2578.229,2580.349,,,,,,
716,IB4010,Headset mix,C,2578.393,2580.608,,,,,,
717,IB4011,Headset mix,A,74.141,76.584,,,,,,
718,IB4011,Headset mix,C,330.68,333.382,,,,,,
719,IB4011,Headset mix,C,485.54,488.257,,,,,,
720,IB4011,Headset mix,C,1108.998,1111.623,,,,,,
721,IB4011,Headset mix,C,1300.104,1302.488,,,,,,
722,IB4011,Headset mix,C,1820.681,1823.365,,,,,,
723,IB4011,Headset mix,C,1841.214,1844.189,,,,,,
724,IB4011,Headset mix,D,614.261,616.84,,,,,,
725,IB4011,Headset mix,D,1414.544,1416.891,,,,,,
726,IN1001,Headset mix,B,969.284,971.779,,,,,,
727,IN1001,Headset mix,B,3160.493,3163.029,,,,,,
728,IN1001,Headset mix,C,1378.72,1381.2,,,,,,
729,IN1002,Headset mix,B,105.689,108.045,,,,,,
730,IN1002,Headset mix,B,165.332,167.646,,,,,,
731,IN1002,Headset mix,B,198.826,201.222,,,,,,
732,IN1002,Headset mix,B,307.406,309.892,,,,,,
733,IN1002,Headset mix,C,326.342,329.029,,,,,,
734,IN1002,Headset mix,D,38.507,41.282,,,,,,
735,IN1002,Headset mix,D,43.207,45.995,,,,,,
736,IN1002,Headset mix,D,74.069,76.604,,,,,,
737,IN1002,Headset mix,D,556.057,558.498,,,,,,
738,IN1002,Headset mix,D,557.672,559.992,,,,,,
739,IN1002,Headset mix,D,860.147,862.723,,,,,,
740,IN1002,Headset mix,D,1077.759,1080.137,,,,,,
741,IN1002,Headset mix,D,1078.189,1080.53,,,,,,
742,IN1002,Headset mix,D,1615.023,1617.82,,,,,,
743,IN1002,Headset mix,D,2046.956,2049.546,,,,,,
744,IN1002,Headset mix,D,2165.379,2167.844,,,,,,
745,IN1007,Headset mix,A,1907.293,1909.722,,,,,,
746,IN1007,Headset mix,A,2327.961,2330.533,,,,,,
747,IN1007,Headset mix,B,150.593,153.182,,,,,,
748,IN1007,Headset mix,B,423.645,426.41,,,,,,
749,IN1007,Headset mix,C,74.164,76.5,,,,,,
750,IN1007,Headset mix,C,77.48,80.034,,,,,,
751,IN1007,Headset mix,C,92.891,95.412,,,,,,
752,IN1007,Headset mix,C,135.172,137.531,,,,,,
753,IN1007,Headset mix,C,2358.267,2361.037,,,,,,
754,IN1007,Headset mix,C,2367.297,2370.024,,,,,,
755,IN1007,Headset mix,D,17.3,19.551,,,,,,
756,IN1007,Headset mix,D,17.644,20.259,,,,,,
757,IN1008,Headset mix,B,326.009,328.459,,,,,,
758,IN1008,Headset mix,B,642.408,644.974,,,,,,
759,IN1008,Headset mix,C,144.117,146.54,,,,,,
760,IN1008,Headset mix,C,147.271,150.039,,,,,,
761,IN1012,Headset mix,A,78.246,80.907,,,,,,
762,IN1012,Headset mix,A,171.655,174.138,,,,,,
763,IN1012,Headset mix,A,465.13,467.666,,,,,,
764,IN1012,Headset mix,A,571.504,573.899,,,,,,
765,IN1012,Headset mix,A,572.146,574.451,,,,,,
766,IN1012,Headset mix,A,572.822,575.077,,,,,,
767,IN1012,Headset mix,A,2202.865,2205.517,,,,,,
768,IN1012,Headset mix,C,1959.193,1961.71,,,,,,
769,IN1012,Headset mix,C,1959.725,1962.43,,,,,,
770,IN1012,Headset mix,D,210.861,213.3,,,,,,
771,IN1012,Headset mix,D,211.532,214.229,,,,,,
772,IN1012,Headset mix,D,697.027,699.332,,,,,,
773,IN1012,Headset mix,D,698.141,700.418,,,,,,
774,IN1012,Headset mix,D,698.514,700.893,,,,,,
775,IN1012,Headset mix,D,698.936,701.251,,,,,,
776,IN1012,Headset mix,D,701.68,704.113,,,,,,
777,IN1012,Headset mix,D,702.193,704.51,,,,,,
778,IN1012,Headset mix,D,809.773,812.697,,,,,,
779,IN1013,Headset mix,B,2626.76,2629.357,,,,,,
780,IN1013,Headset mix,B,2854.852,2857.55,,,,,,
781,IN1013,Headset mix,B,2865.331,2867.946,,,,,,
782,IN1013,Headset mix,C,583.085,585.452,,,,,,
783,IN1013,Headset mix,C,2376.706,2379.437,,,,,,
784,IN1014,Headset mix,C,1505.557,1508.123,,,,,,
785,IN1016,Headset mix,A,345.575,347.968,,,,,,
786,IN1016,Headset mix,A,1214.505,1217.068,,,,,,
787,IN1016,Headset mix,A,2344.934,2347.447,,,,,,
788,IS1000a,Headset mix,B,91.271,93.516,,,,,,
789,IS1000a,Headset mix,B,91.507,93.786,,,,,,
790,IS1000a,Headset mix,C,246.456,248.968,,,,,,
791,IS1000a,Headset mix,C,536.924,539.576,,,,,,
792,IS1000b,Headset mix,A,870.257,872.628,,,,,,
793,IS1000b,Headset mix,A,1748.734,1751.025,,,,,,
794,IS1000b,Headset mix,B,333.815,336.261,,,,,,
795,IS1000b,Headset mix,D,1033.546,1035.865,,,,,,
796,IS1000b,Headset mix,D,1033.906,1036.163,,,,,,
797,IS1000b,Headset mix,D,1952.5,1955.282,,,,,,
798,IS1000c,Headset mix,A,316.946,319.482,,,,,,
799,IS1000c,Headset mix,A,1405.96,1408.436,,,,,,
800,IS1000c,Headset mix,B,105.016,107.588,,,,,,
801,IS1000c,Headset mix,D,593.736,596.072,,,,,,
802,IS1000d,Headset mix,A,289.559,292.143,,,,,,
803,IS1000d,Headset mix,A,1750.439,1752.547,,,,,,
804,IS1000d,Headset mix,A,1750.555,1752.701,,,,,,
805,IS1000d,Headset mix,A,1891.224,1893.544,,,,,,
806,IS1000d,Headset mix,B,58.479,60.913,,,,,,
807,IS1000d,Headset mix,B,58.936,61.163,,,,,,
808,IS1000d,Headset mix,B,152.019,154.418,,,,,,
809,IS1000d,Headset mix,B,152.434,154.619,,,,,,
810,IS1000d,Headset mix,D,316.343,319.236,,,,,,
811,IS1001a,Headset mix,A,5.141,8.287,,,,,,
812,IS1001a,Headset mix,B,246.424,249.096,,,,,,
813,IS1001a,Headset mix,B,260.477,263.304,,,,,,
814,IS1001a,Headset mix,B,292.782,295.425,,,,,,
815,IS1001a,Headset mix,B,334.808,337.837,,,,,,
816,IS1001a,Headset mix,B,603.62,607.041,,,,,,
817,IS1001a,Headset mix,B,839.624,842.2,,,,,,
818,IS1001a,Headset mix,C,143.256,145.505,,,,,,
819,IS1001a,Headset mix,C,143.602,146.031,,,,,,
820,IS1001a,Headset mix,C,198.936,201.419,,,,,,
821,IS1001a,Headset mix,C,199.465,201.793,,,,,,
822,IS1001a,Headset mix,C,262.432,265.644,,,,,,
823,IS1001a,Headset mix,D,262.764,265.088,,,,,,
824,IS1001a,Headset mix,D,263.34,265.642,,,,,,
825,IS1001a,Headset mix,D,611.512,613.704,,,,,,
826,IS1001a,Headset mix,D,695.059,697.406,,,,,,
827,IS1001a,Headset mix,D,696.049,698.345,,,,,,
828,IS1001a,Headset mix,D,841.544,844.104,,,,,,
829,IS1001b,Headset mix,A,21.345,23.984,,,,,,
830,IS1001b,Headset mix,A,2099.686,2102.596,,,,,,
831,IS1001b,Headset mix,B,122.07,125.328,,,,,,
832,IS1001b,Headset mix,C,17.207,19.746,,,,,,
833,IS1001b,Headset mix,D,373.154,375.672,,,,,,
834,IS1001b,Headset mix,D,488.993,491.297,,,,,,
835,IS1001b,Headset mix,D,766.074,768.556,,,,,,
836,IS1001b,Headset mix,D,928.642,931.094,,,,,,
837,IS1001b,Headset mix,D,955.544,957.896,,,,,,
838,IS1001b,Headset mix,D,1138.87,1141.475,,,,,,
839,IS1001b,Headset mix,D,1140.416,1142.966,,,,,,
840,IS1001b,Headset mix,D,1213.422,1216.379,,,,,,
841,IS1001b,Headset mix,D,1242.737,1245.174,,,,,,
842,IS1001b,Headset mix,D,1243.302,1246.102,,,,,,
843,IS1001b,Headset mix,D,1295.561,1298.245,,,,,,
844,IS1001b,Headset mix,D,1374.003,1376.874,,,,,,
845,IS1001b,Headset mix,D,1375.274,1377.919,,,,,,
846,IS1001b,Headset mix,D,1588.511,1591.214,,,,,,
847,IS1001b,Headset mix,D,1589.331,1592.17,,,,,,
848,IS1001b,Headset mix,D,1675.999,1678.311,,,,,,
849,IS1001b,Headset mix,D,1676.363,1678.884,,,,,,
850,IS1001b,Headset mix,D,1677.578,1680.81,,,,,,
851,IS1001b,Headset mix,D,1772.296,1774.856,,,,,,
852,IS1001b,Headset mix,D,1845.24,1847.615,,,,,,
853,IS1001c,Headset mix,C,507.053,509.608,,,,,,
854,IS1001c,Headset mix,C,1063.227,1065.789,,,,,,
855,IS1001c,Headset mix,D,718.399,720.788,,,,,,
856,IS1001d,Headset mix,D,47.031,49.669,,,,,,
857,IS1001d,Headset mix,D,47.944,50.493,,,,,,
858,IS1001d,Headset mix,D,56.504,59.238,,,,,,
859,IS1001d,Headset mix,D,161.816,164.04,,,,,,
860,IS1001d,Headset mix,D,559.609,561.943,,,,,,
861,IS1001d,Headset mix,D,608.665,611.265,,,,,,
862,IS1002d,Headset mix,C,112.359,114.865,,,,,,
863,IS1003c,Headset mix,D,1294.099,1296.404,,,,,,
864,IS1003c,Headset mix,D,1294.411,1296.828,,,,,,
865,IS1003c,Headset mix,D,1294.151,1296.394,,,,,,
866,IS1003c,Headset mix,D,1294.402,1296.781,,,,,,
867,IS1003d,Headset mix,D,541.792,544.24,,,,,,
868,IS1003d,Headset mix,D,1204.436,1207.096,,,,,,
869,IS1004a,Headset mix,A,34.736,37.389,,,,,,
870,IS1004a,Headset mix,A,86.7,89.394,,,,,,
871,IS1004a,Headset mix,A,127.512,129.984,,,,,,
872,IS1004a,Headset mix,A,200.972,203.521,,,,,,
873,IS1004a,Headset mix,A,414.632,417.339,,,,,,
874,IS1004a,Headset mix,A,602.186,604.888,,,,,,
875,IS1004a,Headset mix,A,608.772,611.488,,,,,,
876,IS1004a,Headset mix,A,611.166,613.909,,,,,,
877,IS1004a,Headset mix,A,620.796,623.442,,,,,,
878,IS1004a,Headset mix,A,630.654,633.272,,,,,,
879,IS1004a,Headset mix,A,634.685,637.22,,,,,,
880,IS1004a,Headset mix,A,676.11,678.694,,,,,,
881,IS1004a,Headset mix,D,306.397,308.883,,,,,,
882,IS1004a,Headset mix,D,373.39,376.008,,,,,,
883,IS1004b,Headset mix,A,41.211,43.628,,,,,,
884,IS1004b,Headset mix,A,58.223,60.73,,,,,,
885,IS1004b,Headset mix,A,79.917,82.326,,,,,,
886,IS1004b,Headset mix,A,127.383,129.814,,,,,,
887,IS1004b,Headset mix,A,215.203,217.696,,,,,,
888,IS1004b,Headset mix,A,290.704,292.968,,,,,,
889,IS1004b,Headset mix,A,290.989,293.411,,,,,,
890,IS1004b,Headset mix,A,583.738,586.352,,,,,,
891,IS1004b,Headset mix,A,635.717,638.224,,,,,,
892,IS1004b,Headset mix,A,724.504,726.808,,,,,,
893,IS1004b,Headset mix,A,986.792,989.304,,,,,,
894,IS1004b,Headset mix,A,1128.025,1130.252,,,,,,
895,IS1004b,Headset mix,A,1128.252,1130.736,,,,,,
896,IS1004b,Headset mix,A,1177.704,1180.189,,,,,,
897,IS1004b,Headset mix,A,1241.528,1243.697,,,,,,
898,IS1004b,Headset mix,A,1241.709,1243.945,,,,,,
899,IS1004b,Headset mix,A,1272.512,1274.719,,,,,,
900,IS1004b,Headset mix,A,1272.726,1275,,,,,,
901,IS1004b,Headset mix,A,1326.245,1329.053,,,,,,
902,IS1004b,Headset mix,A,1544.045,1546.648,,,,,,
903,IS1004b,Headset mix,A,1560.19,1562.968,,,,,,
904,IS1004b,Headset mix,A,1608.412,1610.856,,,,,,
905,IS1004b,Headset mix,A,1651.342,1653.752,,,,,,
906,IS1004b,Headset mix,A,1927.027,1929.492,,,,,,
907,IS1004b,Headset mix,A,1958.952,1961.729,,,,,,
908,IS1004b,Headset mix,A,2007.083,2009.395,,,,,,
909,IS1004b,Headset mix,B,1581.366,1583.623,,,,,,
910,IS1004b,Headset mix,D,295.656,298.648,,,,,,
911,IS1004b,Headset mix,D,371.739,374.42,,,,,,
912,IS1004b,Headset mix,D,418.22,420.825,,,,,,
913,IS1004b,Headset mix,D,457.557,459.666,,,,,,
914,IS1004b,Headset mix,D,457.661,459.956,,,,,,
915,IS1004b,Headset mix,D,477.835,480.335,,,,,,
916,IS1004c,Headset mix,A,409.332,412.02,,,,,,
917,IS1004c,Headset mix,A,542.403,544.96,,,,,,
918,IS1004c,Headset mix,A,566.856,569.192,,,,,,
919,IS1004c,Headset mix,A,1009.601,1011.746,,,,,,
920,IS1004c,Headset mix,A,1009.753,1012.17,,,,,,
921,IS1004c,Headset mix,A,1194.695,1197.473,,,,,,
922,IS1004c,Headset mix,A,1291.048,1293.276,,,,,,
923,IS1004c,Headset mix,A,1291.276,1293.592,,,,,,
924,IS1004c,Headset mix,A,1851.448,1853.809,,,,,,
925,IS1004c,Headset mix,A,1859.081,1861.588,,,,,,
926,IS1004c,Headset mix,A,1904.965,1907.549,,,,,,
927,IS1004c,Headset mix,A,2019.16,2021.576,,,,,,
928,IS1004c,Headset mix,C,108.75,111.48,,,,,,
929,IS1004c,Headset mix,C,202.678,205.057,,,,,,
930,IS1004c,Headset mix,D,109.736,112.375,,,,,,
931,IS1004c,Headset mix,D,130.916,133.368,,,,,,
932,IS1004c,Headset mix,D,155.101,157.576,,,,,,
933,IS1004c,Headset mix,D,158.622,160.934,,,,,,
934,IS1004c,Headset mix,D,231.257,233.695,,,,,,
935,IS1004c,Headset mix,D,251.547,253.957,,,,,,
936,IS1004c,Headset mix,D,258.846,261.429,,,,,,
937,IS1004c,Headset mix,D,328.77,331.471,,,,,,
938,IS1004c,Headset mix,D,450.356,453.05,,,,,,
939,IS1004c,Headset mix,D,610.675,613.182,,,,,,
940,IS1004d,Headset mix,A,2.429,5.16,,,,,,
941,IS1004d,Headset mix,A,40.976,43.719,,,,,,
942,IS1004d,Headset mix,A,597.491,599.745,,,,,,
943,IS1004d,Headset mix,A,597.753,600.284,,,,,,
944,IS1004d,Headset mix,A,619.624,621.89,,,,,,
945,IS1004d,Headset mix,A,619.907,622.415,,,,,,
946,IS1004d,Headset mix,A,843.174,846.08,,,,,,
947,IS1004d,Headset mix,A,1195.04,1197.207,,,,,,
948,IS1004d,Headset mix,A,1195.276,1197.648,,,,,,
949,IS1004d,Headset mix,A,1271.87,1274.059,,,,,,
950,IS1004d,Headset mix,A,1272.084,1274.46,,,,,,
951,IS1004d,Headset mix,A,1299.122,1301.51,,,,,,
952,IS1004d,Headset mix,A,1619.608,1622.72,,,,,,
953,IS1004d,Headset mix,A,1784.16,1786.396,,,,,,
954,IS1004d,Headset mix,D,13.928,16.491,,,,,,
955,IS1004d,Headset mix,D,633.22,635.707,,,,,,
956,IS1004d,Headset mix,D,699.001,701.296,,,,,,
957,IS1004d,Headset mix,D,1236.224,1238.696,,,,,,
958,IS1005b,Headset mix,A,16.809,19.436,,,,,,
959,IS1005b,Headset mix,D,154.8,157.241,,,,,,
960,IS1005b,Headset mix,D,312.034,314.361,,,,,,
961,IS1005b,Headset mix,D,396.967,399.328,,,,,,
962,IS1005c,Headset mix,A,1453.383,1455.82,,,,,,
963,IS1005c,Headset mix,D,150.56,152.914,,,,,,
964,IS1005c,Headset mix,D,198.75,201.139,,,,,,
965,IS1005c,Headset mix,D,898.242,900.633,,,,,,
966,IS1006a,Headset mix,A,42.955,45.11,,,,,,
967,IS1006a,Headset mix,A,43.122,45.678,,,,,,
968,IS1006a,Headset mix,A,461.161,463.363,,,,,,
969,IS1006a,Headset mix,A,461.394,463.963,,,,,,
970,IS1006a,Headset mix,A,722.518,724.957,,,,,,
971,IS1006a,Headset mix,C,249.71,252.151,,,,,,
972,IS1006a,Headset mix,C,492.935,495.485,,,,,,
973,IS1006a,Headset mix,C,493.529,496.029,,,,,,
974,IS1006a,Headset mix,D,43.814,46.095,,,,,,
975,IS1006a,Headset mix,D,44.368,47.036,,,,,,
976,IS1006a,Headset mix,D,79.672,82.12,,,,,,
977,IS1006a,Headset mix,D,80.147,83.032,,,,,,
978,IS1006a,Headset mix,D,466.295,468.635,,,,,,
979,IS1006a,Headset mix,D,466.725,469.204,,,,,,
980,IS1006b,Headset mix,A,538.629,540.912,,,,,,
981,IS1006b,Headset mix,A,539.059,541.566,,,,,,
982,IS1006b,Headset mix,A,1036.52,1039.176,,,,,,
983,IS1006b,Headset mix,A,1297.042,1299.73,,,,,,
984,IS1006b,Headset mix,A,2114.578,2116.987,,,,,,
985,IS1006b,Headset mix,C,1606.919,1609.419,,,,,,
986,IS1006b,Headset mix,D,1989.599,1992.157,,,,,,
987,IS1006b,Headset mix,D,1990.547,1993.706,,,,,,
988,IS1006c,Headset mix,A,138.939,141.088,,,,,,
989,IS1006c,Headset mix,A,139.088,141.266,,,,,,
990,IS1006c,Headset mix,A,139.293,141.711,,,,,,
991,IS1006c,Headset mix,A,591.083,593.23,,,,,,
992,IS1006c,Headset mix,A,591.219,593.565,,,,,,
993,IS1006c,Headset mix,A,1137.686,1139.993,,,,,,
994,IS1006c,Headset mix,A,1137.984,1140.506,,,,,,
995,IS1006c,Headset mix,A,1406.251,1408.946,,,,,,
996,IS1006c,Headset mix,A,1580.61,1582.763,,,,,,
997,IS1006c,Headset mix,A,1580.786,1583.364,,,,,,
998,IS1006c,Headset mix,B,595.179,597.567,,,,,,
999,IS1006c,Headset mix,B,697.14,700.246,,,,,,
1000,IS1006c,Headset mix,D,317.074,319.621,,,,,,
1001,IS1006c,Headset mix,D,325.752,328.303,,,,,,
1002,IS1006c,Headset mix,D,554.927,557.25,,,,,,
1003,IS1006c,Headset mix,D,555.453,558.082,,,,,,
1004,IS1006c,Headset mix,D,1638.89,1641.515,,,,,,
1005,IS1006d,Headset mix,A,170.158,172.972,,,,,,
1006,IS1006d,Headset mix,A,292.134,294.407,,,,,,
1007,IS1006d,Headset mix,A,292.433,295.041,,,,,,
1008,IS1006d,Headset mix,A,818.843,821.155,,,,,,
1009,IS1006d,Headset mix,A,819.127,822.091,,,,,,
1010,IS1006d,Headset mix,A,1610.627,1613.255,,,,,,
1011,IS1006d,Headset mix,B,464.984,467.635,,,,,,
1012,IS1006d,Headset mix,B,490.952,493.258,,,,,,
1013,IS1006d,Headset mix,C,29.645,32.094,,,,,,
1014,IS1006d,Headset mix,C,339.2,341.64,,,,,,
1015,IS1006d,Headset mix,C,493.135,495.768,,,,,,
1016,IS1006d,Headset mix,C,504.967,507.462,,,,,,
1017,IS1006d,Headset mix,D,210.066,212.701,,,,,,
1018,IS1006d,Headset mix,D,508.763,511.081,,,,,,
1019,IS1006d,Headset mix,D,509.163,511.451,,,,,,
1020,IS1006d,Headset mix,D,509.482,512.05,,,,,,
1021,IS1006d,Headset mix,D,815.863,818.28,,,,,,
1022,IS1006d,Headset mix,D,933.491,935.783,,,,,,
1023,IS1006d,Headset mix,D,977.851,980.449,,,,,,
1024,IS1006d,Headset mix,D,1117.447,1120.124,,,,,,
1025,IS1006d,Headset mix,D,1118.199,1121.036,,,,,,
1026,IS1006d,Headset mix,D,1239.269,1241.74,,,,,,
1027,IS1006d,Headset mix,D,1250.096,1252.441,,,,,,
1028,IS1006d,Headset mix,D,1250.892,1253.49,,,,,,
1029,IS1006d,Headset mix,D,1287.104,1289.369,,,,,,
1030,IS1006d,Headset mix,D,1287.377,1289.717,,,,,,
1031,IS1006d,Headset mix,D,1288.152,1290.804,,,,,,
1032,IS1006d,Headset mix,D,1381.057,1384.062,,,,,,
1033,IS1006d,Headset mix,D,1397.938,1400.382,,,,,,
1034,IS1006d,Headset mix,D,1398.361,1400.966,,,,,,
1035,IS1006d,Headset mix,D,1455.662,1457.916,,,,,,
1036,IS1006d,Headset mix,D,1455.916,1458.13,,,,,,
1037,IS1006d,Headset mix,D,1456.111,1458.618,,,,,,
1038,IS1006d,Headset mix,D,1456.754,1459.427,,,,,,
1039,IS1006d,Headset mix,D,1573.492,1575.813,,,,,,
1040,IS1006d,Headset mix,D,1573.803,1576.085,,,,,,
1041,IS1006d,Headset mix,D,1574.25,1577.028,,,,,,
1042,IS1006d,Headset mix,D,1618.2,1620.841,,,,,,
1043,IS1006d,Headset mix,D,1619.068,1621.68,,,,,,
1044,IS1006d,Headset mix,D,1648.668,1651.14,,,,,,
1045,IS1006d,Headset mix,D,1649.223,1652.001,,,,,,
1046,IS1006d,Headset mix,D,1732.646,1735.014,,,,,,
1047,IS1007a,Headset mix,B,136.342,138.578,,,,,,
1048,IS1007a,Headset mix,B,136.689,139.217,,,,,,
1049,IS1007a,Headset mix,B,429.52,431.811,,,,,,
1050,IS1007a,Headset mix,B,429.902,432.374,,,,,,
1051,IS1007b,Headset mix,B,42.856,45.128,,,,,,
1052,IS1007b,Headset mix,B,63.358,65.844,,,,,,
1053,IS1007b,Headset mix,B,108.12,110.456,,,,,,
1054,IS1007b,Headset mix,B,224.89,227.816,,,,,,
1055,IS1007b,Headset mix,B,298.104,300.312,,,,,,
1056,IS1007c,Headset mix,B,366.099,368.398,,,,,,
1057,IS1007c,Headset mix,B,366.412,368.974,,,,,,
1058,IS1007c,Headset mix,B,393.055,395.492,,,,,,
1059,IS1007c,Headset mix,B,503.72,506.184,,,,,,
1060,IS1007c,Headset mix,B,1006.572,1008.967,,,,,,
1061,IS1007c,Headset mix,D,949.777,951.973,,,,,,
1062,IS1007c,Headset mix,D,950.038,952.451,,,,,,
1063,IS1007d,Headset mix,B,96.857,99.183,,,,,,
1064,IS1007d,Headset mix,B,107.048,109.448,,,,,,
1065,IS1007d,Headset mix,B,115.792,118.216,,,,,,
1066,IS1007d,Headset mix,B,220.387,222.93,,,,,,
1067,IS1007d,Headset mix,B,234.403,236.806,,,,,,
1068,IS1007d,Headset mix,B,307.142,309.507,,,,,,
1069,IS1007d,Headset mix,B,307.481,310.158,,,,,,
1070,IS1007d,Headset mix,B,534.692,537.138,,,,,,
1071,IS1007d,Headset mix,B,619.385,621.811,,,,,,
1072,IS1007d,Headset mix,B,637.052,639.552,,,,,,
1073,IS1007d,Headset mix,B,722.153,724.4,,,,,,
1074,IS1007d,Headset mix,B,782.675,784.967,,,,,,
1075,IS1007d,Headset mix,B,863.815,866.176,,,,,,
1076,IS1007d,Headset mix,B,897.968,900.405,,,,,,
1077,IS1007d,Headset mix,B,898.423,901.165,,,,,,
1078,IS1007d,Headset mix,B,945.559,948.33,,,,,,
1079,IS1007d,Headset mix,B,1002.572,1004.912,,,,,,
1080,IS1007d,Headset mix,B,1003.051,1005.516,,,,,,
1081,IS1007d,Headset mix,B,1020.491,1022.887,,,,,,
1082,IS1007d,Headset mix,B,1051.848,1054.136,,,,,,
1083,IS1007d,Headset mix,B,1096.528,1098.958,,,,,,
1084,IS1007d,Headset mix,B,1163.927,1166.344,,,,,,
1085,IS1007d,Headset mix,B,1175.647,1178.175,,,,,,
1086,IS1007d,Headset mix,B,1189.6,1191.947,,,,,,
1087,IS1007d,Headset mix,B,1190.121,1192.628,,,,,,
1088,IS1007d,Headset mix,B,1200.559,1202.793,,,,,,
1089,IS1007d,Headset mix,B,1200.833,1203.125,,,,,,
1090,IS1007d,Headset mix,B,1204.373,1207.082,,,,,,
1091,IS1007d,Headset mix,B,1224.964,1227.318,,,,,,
1092,IS1007d,Headset mix,B,1263.054,1265.365,,,,,,
1093,IS1007d,Headset mix,B,1353.357,1355.552,,,,,,
1094,IS1007d,Headset mix,B,1373.959,1376.867,,,,,,
1095,IS1007d,Headset mix,B,1382.335,1384.876,,,,,,
1096,IS1007d,Headset mix,B,1384.509,1387.266,,,,,,
1097,IS1007d,Headset mix,B,1394.753,1397.211,,,,,,
1098,IS1007d,Headset mix,B,1412.743,1414.954,,,,,,
1099,IS1007d,Headset mix,B,1412.969,1415.262,,,,,,
1100,IS1007d,Headset mix,B,1431.159,1433.572,,,,,,
1101,IS1007d,Headset mix,B,1432.685,1434.984,,,,,,
1102,IS1007d,Headset mix,B,1444.378,1446.67,,,,,,
1103,IS1007d,Headset mix,B,1445.486,1447.995,,,,,,
1104,IS1007d,Headset mix,B,1476.102,1478.373,,,,,,
1105,IS1007d,Headset mix,B,1503.748,1506.29,,,,,,
1106,IS1007d,Headset mix,B,1596.268,1598.504,,,,,,
1107,IS1007d,Headset mix,B,1642.62,1645.023,,,,,,
1108,IS1007d,Headset mix,B,1675.796,1678.222,,,,,,
1109,IS1007d,Headset mix,B,1676.435,1678.843,,,,,,
1110,IS1007d,Headset mix,B,1682.452,1684.704,,,,,,
1111,IS1007d,Headset mix,B,1682.746,1685.351,,,,,,
1112,IS1007d,Headset mix,B,1856.672,1859.047,,,,,,
1113,IS1007d,Headset mix,B,1860.411,1862.738,,,,,,
1114,IS1007d,Headset mix,B,1977.822,1980.036,,,,,,
1115,IS1007d,Headset mix,B,1978.065,1980.515,,,,,,
1116,IS1007d,Headset mix,C,41.413,43.871,,,,,,
1117,IS1007d,Headset mix,D,552.52,555.101,,,,,,
1118,IS1008b,Headset mix,A,199.371,201.882,,,,,,
1119,IS1008b,Headset mix,A,207.764,209.901,,,,,,
1120,IS1008b,Headset mix,A,207.907,210.199,,,,,,
1121,IS1008b,Headset mix,A,231.097,233.605,,,,,,
1122,IS1008b,Headset mix,A,265.628,268,,,,,,
1123,IS1008b,Headset mix,A,308.254,310.796,,,,,,
1124,IS1008b,Headset mix,A,426.668,429.062,,,,,,
1125,IS1008b,Headset mix,A,551.947,554.354,,,,,,
1126,IS1008b,Headset mix,A,777.725,780.055,,,,,,
1127,IS1008b,Headset mix,A,836.579,839.43,,,,,,
1128,IS1008b,Headset mix,A,862.133,864.808,,,,,,
1129,IS1008b,Headset mix,A,899.242,901.621,,,,,,
1130,IS1008c,Headset mix,A,134.896,137.165,,,,,,
1131,IS1008c,Headset mix,A,143.246,145.579,,,,,,
1132,IS1008c,Headset mix,A,159.808,162.145,,,,,,
1133,IS1008c,Headset mix,A,790.103,792.256,,,,,,
1134,IS1008c,Headset mix,A,790.279,792.723,,,,,,
1135,IS1008c,Headset mix,A,837.807,840.245,,,,,,
1136,IS1008c,Headset mix,A,1126.311,1128.57,,,,,,
1137,IS1008c,Headset mix,D,1159.404,1161.769,,,,,,
1138,IS1008d,Headset mix,A,369.789,372.324,,,,,,
1139,IS1008d,Headset mix,A,657.101,659.486,,,,,,
1140,IS1008d,Headset mix,A,734.354,737.006,,,,,,
1141,IS1008d,Headset mix,A,764.76,767.223,,,,,,
1142,IS1008d,Headset mix,D,1435.369,1437.925,,,,,,
1143,IS1009a,Headset mix,D,161.992,164.392,,,,,,
1144,IS1009a,Headset mix,D,286.296,289.16,,,,,,
1145,IS1009b,Headset mix,A,309.147,311.259,,,,,,
1146,IS1009b,Headset mix,A,309.275,311.529,,,,,,
1147,IS1009b,Headset mix,D,234.312,236.756,,,,,,
1148,IS1009b,Headset mix,D,319.594,322.142,,,,,,
1149,IS1009b,Headset mix,D,361.968,364.365,,,,,,
1150,IS1009b,Headset mix,D,600.86,603.712,,,,,,
1151,IS1009b,Headset mix,D,1027.772,1030.327,,,,,,
1152,IS1009b,Headset mix,D,1238.408,1240.712,,,,,,
1153,IS1009c,Headset mix,D,263.926,266.586,,,,,,
1154,IS1009c,Headset mix,D,666.585,668.931,,,,,,
1155,IS1009c,Headset mix,D,1377.816,1380.248,,,,,,
1156,IS1009c,Headset mix,D,1450.818,1453.27,,,,,,
1157,IS1009c,Headset mix,D,1516.088,1518.392,,,,,,
1158,TS3003a,Headset mix,A,847.615,850.281,,,,,,
1159,TS3003a,Headset mix,D,143.339,146.021,,,,,,
1160,TS3003a,Headset mix,D,142.824,145.331,,,,,,
1161,TS3003a,Headset mix,D,328.941,331.475,,,,,,
1162,TS3003a,Headset mix,D,495.623,498.292,,,,,,
1163,TS3003a,Headset mix,D,1111.497,1113.999,,,,,,
1164,TS3003a,Headset mix,D,1250.519,1253.097,,,,,,
1165,TS3003a,Headset mix,D,1363.597,1366.067,,,,,,
1166,TS3003b,Headset mix,A,198.142,200.769,,,,,,
1167,TS3003b,Headset mix,A,552.991,555.636,,,,,,
1168,TS3003b,Headset mix,A,907.663,910.303,,,,,,
1169,TS3003b,Headset mix,D,184.758,187.566,,,,,,
1170,TS3003b,Headset mix,D,551.664,554.512,,,,,,
1171,TS3003b,Headset mix,D,1030.598,1033.53,,,,,,
1172,TS3003b,Headset mix,D,1231.343,1233.752,,,,,,
1173,TS3003b,Headset mix,D,1419.883,1422.668,,,,,,
1174,TS3003b,Headset mix,D,1795.625,1798.365,,,,,,
1175,TS3003b,Headset mix,D,2103.004,2105.884,,,,,,
1176,TS3003c,Headset mix,A,461.981,464.587,,,,,,
1177,TS3003c,Headset mix,A,796.454,798.947,,,,,,
1178,TS3003c,Headset mix,D,932.492,935.267,,,,,,
1179,TS3003c,Headset mix,D,1075.312,1078.271,,,,,,
1180,TS3003c,Headset mix,D,1371.219,1374.087,,,,,,
1181,TS3003c,Headset mix,D,1601.624,1604.424,,,,,,
1182,TS3003c,Headset mix,D,1814.328,1817.272,,,,,,
1183,TS3003d,Headset mix,B,1948.073,1950.737,,,,,,
1184,TS3003d,Headset mix,D,207.193,209.603,,,,,,
1185,TS3003d,Headset mix,D,443.288,446.104,,,,,,
1186,TS3003d,Headset mix,D,790.54,793.427,,,,,,
1187,TS3003d,Headset mix,D,862.94,866.164,,,,,,
1188,TS3003d,Headset mix,D,995.601,998.766,,,,,,
1189,TS3003d,Headset mix,D,1192.217,1194.835,,,,,,
1190,TS3003d,Headset mix,D,1451.31,1453.824,,,,,,
1191,TS3003d,Headset mix,D,1683.408,1686.018,,,,,,
1192,TS3003d,Headset mix,D,1975.823,1978.908,,,,,,
1193,TS3003d,Headset mix,D,2203.644,2206.837,,,,,,
1194,TS3003d,Headset mix,D,2425.384,2427.807,,,,,,
1195,TS3004a,Headset mix,A,1046.977,1049.768,,,,,,
1196,TS3004b,Headset mix,A,466.815,469.032,,,,,,
1197,TS3004b,Headset mix,A,467.073,469.324,,,,,,
1198,TS3004b,Headset mix,A,467.333,469.533,,,,,,
1199,TS3004b,Headset mix,A,1488.632,1491.171,,,,,,
1200,TS3004b,Headset mix,A,1489.163,1491.61,,,,,,
1201,TS3004b,Headset mix,B,1814.333,1816.847,,,,,,
1202,TS3004c,Headset mix,A,448.072,450.95,,,,,,
1203,TS3004c,Headset mix,A,753.369,755.949,,,,,,
1204,TS3004c,Headset mix,A,1307.234,1310.138,,,,,,
1205,TS3004d,Headset mix,A,514.908,517.245,,,,,,
1206,TS3004d,Headset mix,A,515.28,517.885,,,,,,
1207,TS3004d,Headset mix,A,595.639,597.879,,,,,,
1208,TS3004d,Headset mix,A,595.879,598.434,,,,,,
1209,TS3004d,Headset mix,A,1067.232,1069.796,,,,,,
1210,TS3004d,Headset mix,D,2718.868,2721.667,,,,,,
1211,TS3005b,Headset mix,B,1501.795,1504.177,,,,,,
1212,TS3005b,Headset mix,D,427.117,429.561,,,,,,
1213,TS3005b,Headset mix,D,427.595,429.944,,,,,,
1214,TS3005c,Headset mix,D,789.257,791.687,,,,,,
1215,TS3005c,Headset mix,D,789.708,792.014,,,,,,
1216,TS3005d,Headset mix,C,2193.194,2195.694,,,,,,
1217,TS3005d,Headset mix,D,2027.818,2030.039,,,,,,
1218,TS3005d,Headset mix,D,2028.122,2030.375,,,,,,
1219,TS3006a,Headset mix,B,123.523,125.965,,,,,,
1220,TS3006a,Headset mix,B,203.926,206.709,,,,,,
1221,TS3006a,Headset mix,B,341.812,344.578,,,,,,
1222,TS3006a,Headset mix,B,370.395,372.816,,,,,,
1223,TS3006a,Headset mix,B,900.534,902.916,,,,,,
1224,TS3006a,Headset mix,D,265.695,268.444,,,,,,
1225,TS3006b,Headset mix,A,1615.202,1617.647,,,,,,
1226,TS3006b,Headset mix,D,230.034,232.931,,,,,,
1227,TS3006c,Headset mix,A,2319.191,2321.721,,,,,,
1228,TS3006c,Headset mix,A,2455.612,2458.562,,,,,,
1229,TS3006c,Headset mix,B,128.59,130.881,,,,,,
1230,TS3006c,Headset mix,B,128.962,131.867,,,,,,
1231,TS3006c,Headset mix,B,176.006,178.435,,,,,,
1232,TS3006c,Headset mix,B,706.932,709.268,,,,,,
1233,TS3006c,Headset mix,D,87.379,89.915,,,,,,
1234,TS3006c,Headset mix,D,174.26,176.774,,,,,,
1235,TS3006c,Headset mix,D,402.587,404.919,,,,,,
1236,TS3006c,Headset mix,D,402.981,405.279,,,,,,
1237,TS3006c,Headset mix,D,1389.244,1391.513,,,,,,
1238,TS3006c,Headset mix,D,1389.537,1391.861,,,,,,
1239,TS3006d,Headset mix,A,46.592,49.389,,,,,,
1240,TS3006d,Headset mix,A,111.297,113.811,,,,,,
1241,TS3006d,Headset mix,A,176.78,179.655,,,,,,
1242,TS3006d,Headset mix,A,356.513,359.145,,,,,,
1243,TS3006d,Headset mix,A,2535.38,2537.797,,,,,,
1244,TS3006d,Headset mix,B,1345.136,1347.583,,,,,,
1245,TS3006d,Headset mix,B,1593.646,1596.019,,,,,,
1246,TS3006d,Headset mix,D,579.647,582.356,,,,,,
1247,TS3006d,Headset mix,D,619.121,621.587,,,,,,
1248,TS3007a,Headset mix,B,394.978,397.193,,,,,,
1249,TS3007a,Headset mix,B,427.861,430.771,,,,,,
1250,TS3007a,Headset mix,D,318.976,321.538,,,,,,
1251,TS3007a,Headset mix,D,766.604,768.844,,,,,,
1252,TS3007a,Headset mix,D,766.887,769.589,,,,,,
1253,TS3007a,Headset mix,D,871.198,873.621,,,,,,
1254,TS3007b,Headset mix,A,1028.73,1031.402,,,,,,
1255,TS3007b,Headset mix,A,2568.26,2570.589,,,,,,
1256,TS3007b,Headset mix,A,2568.599,2571.59,,,,,,
1257,TS3007b,Headset mix,D,192.744,195.048,,,,,,
1258,TS3007b,Headset mix,D,330.707,333.416,,,,,,
1259,TS3007c,Headset mix,B,93.083,95.59,,,,,,
1260,TS3007c,Headset mix,B,452.758,455.35,,,,,,
1261,TS3007c,Headset mix,D,232.714,235.094,,,,,,
1262,TS3007c,Headset mix,D,233.12,235.387,,,,,,
1263,TS3007c,Headset mix,D,762.089,764.829,,,,,,
1264,TS3007c,Headset mix,D,770.352,772.736,,,,,,
1265,TS3007c,Headset mix,D,774.711,777.726,,,,,,
1266,TS3007c,Headset mix,D,776.043,778.858,,,,,,
1267,TS3007c,Headset mix,D,796.864,799.364,,,,,,
1268,TS3007c,Headset mix,D,1205.146,1207.99,,,,,,
1269,TS3007d,Headset mix,A,1099.213,1102.174,,,,,,
1270,TS3007d,Headset mix,A,1240.47,1243.025,,,,,,
1271,TS3007d,Headset mix,D,153.835,156.613,,,,,,
1272,TS3007d,Headset mix,D,153.863,156.488,,,,,,
1273,TS3007d,Headset mix,D,1099.089,1101.975,,,,,,
1274,TS3007d,Headset mix,D,1773.819,1776.601,,,,,,
1275,TS3007d,Headset mix,D,1774.256,1776.656,,,,,,
1276,TS3008a,Headset mix,B,133.185,135.608,,,,,,
1277,TS3008a,Headset mix,B,229.25,231.591,,,,,,
1278,TS3008a,Headset mix,B,229.636,231.931,,,,,,
1279,TS3008b,Headset mix,C,1050.603,1053.094,,,,,,
1280,TS3008c,Headset mix,B,830.665,833.373,,,,,,
1281,TS3008c,Headset mix,B,1970.685,1973.095,,,,,,
1282,TS3008c,Headset mix,D,555.503,558.211,,,,,,
1283,TS3008d,Headset mix,A,187.406,190.414,,,,,,
1284,TS3009a,Headset mix,A,107.834,110.207,,,,,,
1285,TS3009a,Headset mix,A,400.078,402.515,,,,,,
1286,TS3009a,Headset mix,A,682.366,684.623,,,,,,
1287,TS3009a,Headset mix,A,682.645,684.846,,,,,,
1288,TS3009a,Headset mix,A,1138.125,1140.843,,,,,,
1289,TS3009a,Headset mix,A,1138.834,1141.304,,,,,,
1290,TS3009a,Headset mix,B,1163.288,1165.496,,,,,,
1291,TS3009a,Headset mix,C,1474.083,1476.409,,,,,,
1292,TS3009a,Headset mix,D,128.409,131.357,,,,,,
1293,TS3009b,Headset mix,B,423.656,426.008,,,,,,
1294,TS3009c,Headset mix,A,1948.054,1950.533,,,,,,
1295,TS3009c,Headset mix,A,1948.061,1950.491,,,,,,
1296,TS3009c,Headset mix,A,2037.331,2039.803,,,,,,
1297,TS3009c,Headset mix,A,2318.916,2321.368,,,,,,
1298,TS3009c,Headset mix,A,2319.456,2321.928,,,,,,
1299,TS3009c,Headset mix,A,2320.144,2322.772,,,,,,
1300,TS3009c,Headset mix,A,2441.164,2443.614,,,,,,
1301,TS3009c,Headset mix,A,2441.686,2444.006,,,,,,
1302,TS3009c,Headset mix,B,1182.95,1185.276,,,,,,
1303,TS3009c,Headset mix,C,1608.584,1610.968,,,,,,
1304,TS3009d,Headset mix,C,213.14,215.489,,,,,,
1305,TS3010a,Headset mix,C,53.625,56.038,,,,,,
1306,TS3010a,Headset mix,C,54.038,56.381,,,,,,
1307,TS3010a,Headset mix,C,54.431,56.739,,,,,,
1308,TS3010a,Headset mix,C,836.143,838.804,,,,,,
1309,TS3010a,Headset mix,C,836.807,839.206,,,,,,
1310,TS3010b,Headset mix,C,1298.825,1301.555,,,,,,
1311,TS3010b,Headset mix,C,1299.574,1301.882,,,,,,
1312,TS3010b,Headset mix,C,1299.915,1302.38,,,,,,
1313,TS3011a,Headset mix,C,628.616,631.412,,,,,,
1314,TS3011a,Headset mix,C,986.258,988.592,,,,,,
1315,TS3011a,Headset mix,C,986.676,989.177,,,,,,
1316,TS3011a,Headset mix,C,1109.571,1112.098,,,,,,
1317,TS3011a,Headset mix,C,1137.062,1139.423,,,,,,
1318,TS3011a,Headset mix,C,1137.464,1139.888,,,,,,
1319,TS3011a,Headset mix,D,87.523,90.045,,,,,,
1320,TS3011a,Headset mix,D,88.367,90.767,,,,,,
1321,TS3011b,Headset mix,C,34.095,36.69,,,,,,
1322,TS3011b,Headset mix,C,396.796,399.475,,,,,,
1323,TS3011b,Headset mix,C,412.552,415.052,,,,,,
1324,TS3011b,Headset mix,C,546.037,548.49,,,,,,
1325,TS3011b,Headset mix,C,546.49,549.185,,,,,,
1326,TS3011b,Headset mix,C,696.125,698.786,,,,,,
1327,TS3011b,Headset mix,C,1863.688,1866.353,,,,,,
1328,TS3011b,Headset mix,D,670.012,672.456,,,,,,
1329,TS3011b,Headset mix,D,1783.2,1785.714,,,,,,
1330,TS3011c,Headset mix,A,2310.046,2312.222,,,,,,
1331,TS3011c,Headset mix,A,2310.236,2312.57,,,,,,
1332,TS3011c,Headset mix,C,201.913,204.692,,,,,,
1333,TS3011c,Headset mix,C,241.362,243.935,,,,,,
1334,TS3011c,Headset mix,C,352.425,354.989,,,,,,
1335,TS3011c,Headset mix,C,353.045,355.675,,,,,,
1336,TS3011c,Headset mix,C,414.228,416.517,,,,,,
1337,TS3011c,Headset mix,C,414.603,417.072,,,,,,
1338,TS3011c,Headset mix,C,502.392,504.84,,,,,,
1339,TS3011c,Headset mix,C,676.059,678.567,,,,,,
1340,TS3011c,Headset mix,C,676.557,679.526,,,,,,
1341,TS3011c,Headset mix,C,713.673,716.068,,,,,,
1342,TS3011c,Headset mix,C,714.111,716.687,,,,,,
1343,TS3011c,Headset mix,C,2310.05,2312.633,,,,,,
1344,TS3011c,Headset mix,C,2310.651,2313.306,,,,,,
1345,TS3011c,Headset mix,D,193.185,195.819,,,,,,
1346,TS3011c,Headset mix,D,712.388,714.845,,,,,,
1347,TS3011c,Headset mix,D,1689.169,1692.333,,,,,,
1348,TS3011d,Headset mix,C,667.708,670.403,,,,,,
1349,TS3011d,Headset mix,C,719.5,722.375,,,,,,
1350,TS3011d,Headset mix,C,766.632,769.368,,,,,,
1351,TS3011d,Headset mix,C,1182.296,1184.991,,,,,,
1352,TS3011d,Headset mix,C,1580.518,1583.113,,,,,,
1353,TS3011d,Headset mix,C,1642.559,1644.968,,,,,,
1354,TS3011d,Headset mix,C,2019.285,2021.965,,,,,,
1355,TS3011d,Headset mix,C,2125.648,2128.135,,,,,,
1356,TS3012a,Headset mix,C,247.524,250.276,,,,,,
1357,TS3012a,Headset mix,D,42.222,44.549,,,,,,
1358,TS3012b,Headset mix,A,581.51,584.258,,,,,,
1359,TS3012b,Headset mix,A,1208.28,1210.818,,,,,,
1360,TS3012b,Headset mix,A,1564.188,1566.745,,,,,,
1361,TS3012b,Headset mix,A,1812.128,1814.628,,,,,,
1362,TS3012b,Headset mix,D,39.616,42.223,,,,,,
1363,TS3012b,Headset mix,D,1735.144,1737.727,,,,,,
1364,TS3012c,Headset mix,A,200.613,203.477,,,,,,
1365,TS3012c,Headset mix,A,1608.908,1611.262,,,,,,
1366,TS3012c,Headset mix,A,2151.469,2153.927,,,,,,
1367,TS3012c,Headset mix,C,600.664,603.048,,,,,,
1368,TS3012d,Headset mix,A,2319.478,2322.246,,,,,,
1369,TS3012d,Headset mix,B,2093.433,2096.149,,,,,,